"module","domain","method","kind","sourceFile","line","status","priority","notes"
"MAINV","","HelloWorld","FUNCTION","MAINV.PRG","55","todo","",""
"MAINV","","matwc","FUNCTION","MAINV.PRG","75","todo","",""
"MAINV","","matret","FUNCTION","MAINV.PRG","124","todo","",""
"MAINV","","matret_WG","FUNCTION","MAINV.PRG","369","todo","",""
"MPAGENT","Agents","Agentswc","FUNCTION","MPAGENT.PRG","33","todo","",""
"MPAGENT","Agents","agenteditwc","FUNCTION","MPAGENT.PRG","127","todo","",""
"MPAGENT","Agents","agentEditRet","FUNCTION","MPAGENT.PRG","238","todo","",""
"MPAGENT","Agents","findagent","FUNCTION","MPAGENT.PRG","414","todo","",""
"MPAGENT","Agents","findcompany","FUNCTION","MPAGENT.PRG","453","todo","",""
"MPAGENT","Agents","deleteagent","FUNCTION","MPAGENT.PRG","494","todo","",""
"MPAGENT","Agents","tagentlist","FUNCTION","MPAGENT.PRG","533","todo","",""
"MPAGENT","Agents","agprocesswc","FUNCTION","MPAGENT.PRG","597","todo","",""
"MPAGENT","Agents","AgProcessRet","FUNCTION","MPAGENT.PRG","693","todo","",""
"MPAGENT","Agents","agprocessautoret","FUNCTION","MPAGENT.PRG","1253","todo","",""
"MPAGENT","Agents","assignbookret","FUNCTION","MPAGENT.PRG","1401","todo","",""
"MPAGENT","Agents","agentpaywc","FUNCTION","MPAGENT.PRG","1502","todo","",""
"MPAGENT","Agents","agentpayret","FUNCTION","MPAGENT.PRG","1662","todo","",""
"MPAGENT","Agents","recalculateagentpay","PROCEDURE","MPAGENT.PRG","1840","todo","",""
"MPAGENT","Agents","agentpaylist","FUNCTION","MPAGENT.PRG","1954","todo","",""
"MPAGENT","Agents","aglogin","FUNCTION","MPAGENT.PRG","2040","todo","",""
"MPAGENT","Agents","agloginret","FUNCTION","MPAGENT.PRG","2116","todo","",""
"MPAGENT","Agents","viewassign","FUNCTION","MPAGENT.PRG","2195","todo","",""
"MPAGENT","Agents","agboardvip","FUNCTION","MPAGENT.PRG","2428","todo","",""
"MPAGENT","Agents","loadsboard","FUNCTION","MPAGENT.PRG","2595","todo","",""
"MPAGENT","Agents","loadsboardret","FUNCTION","MPAGENT.PRG","2643","todo","",""
"MPAGENT","Agents","agesignret","FUNCTION","MPAGENT.PRG","2678","todo","",""
"MPAGENT","Agents","agentbolremwc","FUNCTION","MPAGENT.PRG","2718","todo","",""
"MPAGENT","Agents","agentbolremret","FUNCTION","MPAGENT.PRG","2768","todo","",""
"MPAGENT","Agents","AGENTXML","FUNCTION","MPAGENT.PRG","2824","todo","",""
"MPAGENT","Agents","indexdirectory","FUNCTION","MPAGENT.PRG","2855","todo","",""
"MPCHARGE","Billing / card & e-check","chargeswc","FUNCTION","MPCHARGE.PRG","32","todo","",""
"MPCHARGE","Billing / card & e-check","chargesret","FUNCTION","MPCHARGE.PRG","1252","todo","",""
"MPCHARGE","Billing / card & e-check","crgautowc","FUNCTION","MPCHARGE.PRG","2065","todo","",""
"MPCHARGE","Billing / card & e-check","CrgAutoProRet","FUNCTION","MPCHARGE.PRG","2588","todo","",""
"MPCHARGE","Billing / card & e-check","SelectAutoWc","FUNCTION","MPCHARGE.PRG","2950","todo","",""
"MPCHARGE","Billing / card & e-check","SelectAutoRet","FUNCTION","MPCHARGE.PRG","3028","todo","",""
"MPCHARGE","Billing / card & e-check","DeleteAuto","FUNCTION","MPCHARGE.PRG","3228","todo","",""
"MPCHARGE","Billing / card & e-check","ServicesWc","FUNCTION","MPCHARGE.PRG","3276","todo","",""
"MPCHARGE","Billing / card & e-check","ServicesRet","FUNCTION","MPCHARGE.PRG","3327","todo","",""
"MPCHARGE","Billing / card & e-check","jobonhold","FUNCTION","MPCHARGE.PRG","3428","todo","",""
"MPCHARGE","Billing / card & e-check","bookingcrg","FUNCTION","MPCHARGE.PRG","3473","todo","",""
"MPCHARGE","Billing / card & e-check","LAGOONBOOK","FUNCTION","MPCHARGE.PRG","3735","todo","",""
"MPCHARGE","Billing / card & e-check","ALLCOASTMOBOOK","FUNCTION","MPCHARGE.PRG","3811","todo","",""
"MPCHARGE","Billing / card & e-check","LIDSLGBOOKED","FUNCTION","MPCHARGE.PRG","3853","todo","",""
"MPCHARGE","Billing / card & e-check","switchcflbs","FUNCTION","MPCHARGE.PRG","3903","todo","",""
"MPCHARGE","Billing / card & e-check","switchtype","FUNCTION","MPCHARGE.PRG","4003","todo","",""
"MPCHARGE","Billing / card & e-check","TransferGmoveJobWC","FUNCTION","MPCHARGE.PRG","4142","todo","",""
"MPCHARGE","Billing / card & e-check","upduserwcXXXX","FUNCTION","MPCHARGE.PRG","4182","todo","",""
"MPCHARGE","Billing / card & e-check","upduserwc","FUNCTION","MPCHARGE.PRG","4336","todo","",""
"MPCHARGE","Billing / card & e-check","updagentwc","FUNCTION","MPCHARGE.PRG","4380","todo","",""
"MPCHARGE","Billing / card & e-check","updagentret","FUNCTION","MPCHARGE.PRG","4518","todo","",""
"MPCHARGE","Billing / card & e-check","emailtoagent","FUNCTION","MPCHARGE.PRG","4563","todo","",""
"MPCHARGE","Billing / card & e-check","IDEALMOVAGENT","FUNCTION","MPCHARGE.PRG","4623","todo","",""
"MPCHARGE","Billing / card & e-check","fustatuswc","FUNCTION","MPCHARGE.PRG","4646","todo","",""
"MPCHARGE","Billing / card & e-check","fustatusret","FUNCTION","MPCHARGE.PRG","4672","todo","",""
"MPCHARGE","Billing / card & e-check","ALLCOASTMOPRIOR","FUNCTION","MPCHARGE.PRG","4748","todo","",""
"MPCHARGE","Billing / card & e-check","UPDPRIOR","FUNCTION","MPCHARGE.PRG","4793","todo","",""
"MPCHARGE","Billing / card & e-check","USPRIMEPRIOR","FUNCTION","MPCHARGE.PRG","4822","todo","",""
"MPCHARGE","Billing / card & e-check","IDEALMOVBOOK","FUNCTION","MPCHARGE.PRG","4857","todo","",""
"MPCHARGE","Billing / card & e-check","IDEALMOVPRIOR","FUNCTION","MPCHARGE.PRG","4914","todo","",""
"MPCHARGE","Billing / card & e-check","VANGUAMOSBOOK","FUNCTION","MPCHARGE.PRG","4971","todo","",""
"MPCHARGE","Billing / card & e-check","BRIGHTSIDEBOOK","FUNCTION","MPCHARGE.PRG","5013","todo","",""
"MPCHARGE","Billing / card & e-check","USPRIMEBOOK","FUNCTION","MPCHARGE.PRG","5040","todo","",""
"MPCHARGE","Billing / card & e-check","VALUEADDBOOK","FUNCTION","MPCHARGE.PRG","5108","todo","",""
"MPCHARGE","Billing / card & e-check","VALUEADDPRIOR","FUNCTION","MPCHARGE.PRG","5142","todo","",""
"MPCHARGE","Billing / card & e-check","CARRIERBOOK","FUNCTION","MPCHARGE.PRG","5166","todo","",""
"MPCHARGE","Billing / card & e-check","CARRIERPRIOR","FUNCTION","MPCHARGE.PRG","5207","todo","",""
"MPCHARGE","Billing / card & e-check","UNITREGPRIOR","FUNCTION","MPCHARGE.PRG","5241","todo","",""
"MPCHARGE","Billing / card & e-check","BRONZESTRPRIOR","FUNCTION","MPCHARGE.PRG","5286","todo","",""
"MPCHARGE","Billing / card & e-check","DCZLOGISTBOOK","FUNCTION","MPCHARGE.PRG","5314","todo","",""
"MPCHARGE","Billing / card & e-check","UNITREGBOOK","FUNCTION","MPCHARGE.PRG","5345","todo","",""
"MPCHARGE","Billing / card & e-check","EAGLEMOGBOOK","FUNCTION","MPCHARGE.PRG","5390","todo","",""
"MPCHARGE","Billing / card & e-check","centralauto","FUNCTION","MPCHARGE.PRG","5449","todo","",""
"MPCHARGE","Billing / card & e-check","centralautoemail","FUNCTION","MPCHARGE.PRG","5662","todo","",""
"MPCHARGE","Billing / card & e-check","DRecalculate","FUNCTION","MPCHARGE.PRG","5752","todo","",""
"MPCHARGE","Billing / card & e-check","EstOthersWc","FUNCTION","MPCHARGE.PRG","5789","todo","",""
"MPCHARGE","Billing / card & e-check","EstOthersRet","FUNCTION","MPCHARGE.PRG","5863","todo","",""
"MPCHARGE","Billing / card & e-check","UpdValue","FUNCTION","MPCHARGE.PRG","5980","todo","",""
"MPCHARGE","Billing / card & e-check","EstMemoWc","FUNCTION","MPCHARGE.PRG","6227","todo","",""
"MPCHARGE","Billing / card & e-check","EstMemoRet","FUNCTION","MPCHARGE.PRG","6268","todo","",""
"MPCHARGE","Billing / card & e-check","CrgRemarksPreview","FUNCTION","MPCHARGE.PRG","6334","todo","",""
"MPCHARGE","Billing / card & e-check","MergeRem","FUNCTION","MPCHARGE.PRG","6422","todo","",""
"MPCHARGE","Billing / card & e-check","ViewRepNotes","FUNCTION","MPCHARGE.PRG","6489","todo","",""
"MPCHARGE","Billing / card & e-check","QA_Save","FUNCTION","MPCHARGE.PRG","6539","todo","",""
"MPCHARGE","Billing / card & e-check","FullValueWcXXXX","FUNCTION","MPCHARGE.PRG","6598","todo","",""
"MPCHARGE","Billing / card & e-check","FullValueCrgWc","FUNCTION","MPCHARGE.PRG","6680","todo","",""
"MPCHARGE","Billing / card & e-check","FullValueCrgRet","FUNCTION","MPCHARGE.PRG","6760","todo","",""
"MPCHARGE","Billing / card & e-check","badleadwc","FUNCTION","MPCHARGE.PRG","6904","todo","",""
"MPCHARGE","Billing / card & e-check","badleadret","FUNCTION","MPCHARGE.PRG","6948","todo","",""
"MPCHARGE","Billing / card & e-check","repnoteaddwc","FUNCTION","MPCHARGE.PRG","7027","todo","",""
"MPCHARGE","Billing / card & e-check","repnoteaddret","FUNCTION","MPCHARGE.PRG","7060","todo","",""
"MPCHARGE","Billing / card & e-check","jobtaskwc","FUNCTION","MPCHARGE.PRG","7110","todo","",""
"MPCHARGE","Billing / card & e-check","jobtaskret","FUNCTION","MPCHARGE.PRG","7172","todo","",""
"MPCHARGE","Billing / card & e-check","cancelall","FUNCTION","MPCHARGE.PRG","7277","todo","",""
"MPCHARGE","Billing / card & e-check","postumis","FUNCTION","MPCHARGE.PRG","7321","todo","",""
"MPDIR","Directory / distance","moduleret","FUNCTION","MPDIR.PRG","32","todo","",""
"MPDIR","Directory / distance","estret","FUNCTION","MPDIR.PRG","347","todo","",""
"MPDIR","Directory / distance","noms","FUNCTION","MPDIR.PRG","967","todo","",""
"MPEST","Estimates","indexwc","FUNCTION","MPEST.PRG","32","todo","",""
"MPEST","Estimates","entryautowc","FUNCTION","MPEST.PRG","235","todo","",""
"MPEST","Estimates","entrywc","FUNCTION","MPEST.PRG","444","todo","",""
"MPEST","Estimates","entryret","FUNCTION","MPEST.PRG","726","todo","",""
"MPEST","Estimates","emailin","FUNCTION","MPEST.PRG","1572","todo","",""
"MPEST","Estimates","emaildocs","FUNCTION","MPEST.PRG","1910","todo","",""
"MPEST","Estimates","emailindocs","FUNCTION","MPEST.PRG","1989","todo","",""
"MPEST","Estimates","printautowc","FUNCTION","MPEST.PRG","2268","todo","",""
"MPEST","Estimates","emailauto","FUNCTION","MPEST.PRG","2497","todo","",""
"MPEST","Estimates","prnestwc","FUNCTION","MPEST.PRG","2867","todo","",""
"MPEST","Estimates","EmailEst","FUNCTION","MPEST.PRG","3386","todo","",""
"MPEST","Estimates","emailcenterwc","FUNCTION","MPEST.PRG","4099","todo","",""
"MPEST","Estimates","emailcenterret","FUNCTION","MPEST.PRG","4208","todo","",""
"MPEST","Estimates","ClaimsCenterWc","FUNCTION","MPEST.PRG","4731","todo","",""
"MPEST","Estimates","thankswc","FUNCTION","MPEST.PRG","4832","todo","",""
"MPEST","Estimates","thanksret","FUNCTION","MPEST.PRG","4911","todo","",""
"MPEST","Estimates","deleteest","FUNCTION","MPEST.PRG","4964","todo","",""
"MPEST","Estimates","cancelest","FUNCTION","MPEST.PRG","5011","todo","",""
"MPEST","Estimates","exitmenu","FUNCTION","MPEST.PRG","5087","todo","",""
"MPEST","Estimates","logfilewc","FUNCTION","MPEST.PRG","5104","todo","",""
"MPEST","Estimates","recurringlist","FUNCTION","MPEST.PRG","5174","todo","",""
"MPEST","Estimates","extstopwc","FUNCTION","MPEST.PRG","5283","todo","",""
"MPEST","Estimates","extstopret","FUNCTION","MPEST.PRG","5314","todo","",""
"MPEST","Estimates","remagentwc","FUNCTION","MPEST.PRG","5349","todo","",""
"MPEST","Estimates","remagentret","FUNCTION","MPEST.PRG","5379","todo","",""
"MPEST","Estimates","ESIGNWC","FUNCTION","MPEST.PRG","5413","todo","",""
"MPEST","Estimates","ESIGNRET","FUNCTION","MPEST.PRG","5614","todo","",""
"MPEST","Estimates","EMAILSLOG","FUNCTION","MPEST.PRG","5800","todo","",""
"MPEST","Estimates","EMAILSLOGEID","FUNCTION","MPEST.PRG","5900","todo","",""
"MPEST","Estimates","FriendlyIn","FUNCTION","MPEST.PRG","6022","todo","",""
"MPEST","Estimates","bolin","FUNCTION","MPEST.PRG","6250","todo","",""
"MPEST","Estimates","QA_VIEWEMAIL","FUNCTION","MPEST.PRG","6308","todo","",""
"MPEST","Estimates","emailsentmsg","FUNCTION","MPEST.PRG","6392","todo","",""
"MPEST","Estimates","bolwc","FUNCTION","MPEST.PRG","6409","todo","",""
"MPEST","Estimates","ESIGNBOLRET","FUNCTION","MPEST.PRG","6948","todo","",""
"MPEST","Estimates","ESIGNDOCRET","FUNCTION","MPEST.PRG","7083","todo","",""
"MPESTX","","indexwc","FUNCTION","MPESTX.prg","32","todo","",""
"MPESTX","","entryautowc","FUNCTION","MPESTX.prg","235","todo","",""
"MPESTX","","entrywc","FUNCTION","MPESTX.prg","444","todo","",""
"MPESTX","","entryret","FUNCTION","MPESTX.prg","726","todo","",""
"MPESTX","","emailin","FUNCTION","MPESTX.prg","1572","todo","",""
"MPESTX","","emaildocs","FUNCTION","MPESTX.prg","1910","todo","",""
"MPESTX","","emailindocs","FUNCTION","MPESTX.prg","1989","todo","",""
"MPESTX","","printautowc","FUNCTION","MPESTX.prg","2268","todo","",""
"MPESTX","","emailauto","FUNCTION","MPESTX.prg","2497","todo","",""
"MPESTX","","prnestwc","FUNCTION","MPESTX.prg","2867","todo","",""
"MPESTX","","EmailEst","FUNCTION","MPESTX.prg","3386","todo","",""
"MPESTX","","emailcenterwc","FUNCTION","MPESTX.prg","4099","todo","",""
"MPESTX","","emailcenterret","FUNCTION","MPESTX.prg","4208","todo","",""
"MPESTX","","ClaimsCenterWc","FUNCTION","MPESTX.prg","4731","todo","",""
"MPESTX","","thankswc","FUNCTION","MPESTX.prg","4832","todo","",""
"MPESTX","","thanksret","FUNCTION","MPESTX.prg","4911","todo","",""
"MPESTX","","deleteest","FUNCTION","MPESTX.prg","4964","todo","",""
"MPESTX","","cancelest","FUNCTION","MPESTX.prg","5011","todo","",""
"MPESTX","","exitmenu","FUNCTION","MPESTX.prg","5087","todo","",""
"MPESTX","","logfilewc","FUNCTION","MPESTX.prg","5104","todo","",""
"MPESTX","","recurringlist","FUNCTION","MPESTX.prg","5174","todo","",""
"MPESTX","","extstopwc","FUNCTION","MPESTX.prg","5283","todo","",""
"MPESTX","","extstopret","FUNCTION","MPESTX.prg","5314","todo","",""
"MPESTX","","remagentwc","FUNCTION","MPESTX.prg","5349","todo","",""
"MPESTX","","remagentret","FUNCTION","MPESTX.prg","5379","todo","",""
"MPESTX","","ESIGNWC","FUNCTION","MPESTX.prg","5413","todo","",""
"MPESTX","","ESIGNRET","FUNCTION","MPESTX.prg","5614","todo","",""
"MPESTX","","EMAILSLOG","FUNCTION","MPESTX.prg","5800","todo","",""
"MPESTX","","EMAILSLOGEID","FUNCTION","MPESTX.prg","5900","todo","",""
"MPESTX","","FriendlyIn","FUNCTION","MPESTX.prg","6022","todo","",""
"MPESTX","","bolin","FUNCTION","MPESTX.prg","6250","todo","",""
"MPESTX","","QA_VIEWEMAIL","FUNCTION","MPESTX.prg","6308","todo","",""
"MPESTX","","emailsentmsg","FUNCTION","MPESTX.prg","6392","todo","",""
"MPESTX","","bolwc","FUNCTION","MPESTX.prg","6409","todo","",""
"MPESTX","","ESIGNBOLRET","FUNCTION","MPESTX.prg","6948","todo","",""
"MPESTX","","ESIGNDOCRET","FUNCTION","MPESTX.prg","7083","todo","",""
"MPMAINTEN","Maintenance","maintenwc","FUNCTION","MPMAINTEN.PRG","33","todo","",""
"MPMAINTEN","Maintenance","maintenret","FUNCTION","MPMAINTEN.PRG","78","todo","",""
"MPMAINTEN","Maintenance","tablesret","FUNCTION","MPMAINTEN.PRG","150","todo","",""
"MPMAINTEN","Maintenance","deptinfowc","FUNCTION","MPMAINTEN.PRG","232","todo","",""
"MPMAINTEN","Maintenance","deptinforet","FUNCTION","MPMAINTEN.PRG","289","todo","",""
"MPMAINTEN","Maintenance","syspricewc","FUNCTION","MPMAINTEN.PRG","366","todo","",""
"MPMAINTEN","Maintenance","syspriceret","FUNCTION","MPMAINTEN.PRG","461","todo","",""
"MPMAINTEN","Maintenance","departmentswc","FUNCTION","MPMAINTEN.PRG","589","todo","",""
"MPMAINTEN","Maintenance","depteditwc","FUNCTION","MPMAINTEN.PRG","639","todo","",""
"MPMAINTEN","Maintenance","depteditret","FUNCTION","MPMAINTEN.PRG","730","todo","",""
"MPMAINTEN","Maintenance","deletedept","FUNCTION","MPMAINTEN.PRG","929","todo","",""
"MPMAINTEN","Maintenance","esignbodywc","FUNCTION","MPMAINTEN.PRG","988","todo","",""
"MPMAINTEN","Maintenance","esignbodyret","FUNCTION","MPMAINTEN.PRG","1032","todo","",""
"MPMAINTEN","Maintenance","TzoneWc","FUNCTION","MPMAINTEN.PRG","1078","todo","",""
"MPMAINTEN","Maintenance","TzoneRet","FUNCTION","MPMAINTEN.PRG","1117","todo","",""
"MPMAINTEN","Maintenance","TzonePrcWc","FUNCTION","MPMAINTEN.PRG","1179","todo","",""
"MPMAINTEN","Maintenance","TzonePrcRet","FUNCTION","MPMAINTEN.PRG","1234","todo","",""
"MPMAINTEN","Maintenance","TperiodsRet","FUNCTION","MPMAINTEN.PRG","1337","todo","",""
"MPMAINTEN","Maintenance","TzonePrcAll","FUNCTION","MPMAINTEN.PRG","1420","todo","",""
"MPMAINTEN","Maintenance","movesizewc","FUNCTION","MPMAINTEN.PRG","1468","todo","",""
"MPMAINTEN","Maintenance","movesizeret","FUNCTION","MPMAINTEN.PRG","1514","todo","",""
"MPMAINTEN","Maintenance","TrefWc","FUNCTION","MPMAINTEN.PRG","1621","todo","",""
"MPMAINTEN","Maintenance","TrefSave","FUNCTION","MPMAINTEN.PRG","1685","todo","",""
"MPMAINTEN","Maintenance","Trefdel","FUNCTION","MPMAINTEN.PRG","1750","todo","",""
"MPMAINTEN","Maintenance","Remarkswc","FUNCTION","MPMAINTEN.PRG","1784","todo","",""
"MPMAINTEN","Maintenance","RemarksUpd","FUNCTION","MPMAINTEN.PRG","1899","todo","",""
"MPMAINTEN","Maintenance","RemarksUpdRet","FUNCTION","MPMAINTEN.PRG","2018","todo","",""
"MPMAINTEN","Maintenance","StateMenWc","FUNCTION","MPMAINTEN.PRG","2130","todo","",""
"MPMAINTEN","Maintenance","StateMenRet","FUNCTION","MPMAINTEN.PRG","2169","todo","",""
"MPMAINTEN","Maintenance","CityMenWc","FUNCTION","MPMAINTEN.PRG","2300","todo","",""
"MPMAINTEN","Maintenance","CityMenRet","FUNCTION","MPMAINTEN.PRG","2336","todo","",""
"MPMAINTEN","Maintenance","TmenCfWc","FUNCTION","MPMAINTEN.PRG","2470","todo","",""
"MPMAINTEN","Maintenance","TmenCfRet","FUNCTION","MPMAINTEN.PRG","2501","todo","",""
"MPMAINTEN","Maintenance","RestIpWc","FUNCTION","MPMAINTEN.PRG","2561","todo","",""
"MPMAINTEN","Maintenance","RestIpSave","FUNCTION","MPMAINTEN.PRG","2612","todo","",""
"MPMAINTEN","Maintenance","activeusersXXXX","FUNCTION","MPMAINTEN.PRG","2731","todo","",""
"MPMAINTEN","Maintenance","activeusersretXXXX","FUNCTION","MPMAINTEN.PRG","2780","todo","",""
"MPMAINTEN","Maintenance","itemsmenuwc","FUNCTION","MPMAINTEN.PRG","2846","todo","",""
"MPMAINTEN","Maintenance","itemslistwc","FUNCTION","MPMAINTEN.PRG","2884","todo","",""
"MPMAINTEN","Maintenance","ITEMSLISTRET","FUNCTION","MPMAINTEN.PRG","2944","todo","",""
"MPMAINTEN","Maintenance","RoomsInvNameWc","FUNCTION","MPMAINTEN.PRG","3054","todo","",""
"MPMAINTEN","Maintenance","RoomsInvNameRet","FUNCTION","MPMAINTEN.PRG","3096","todo","",""
"MPMAINTEN","Maintenance","tinvprint","FUNCTION","MPMAINTEN.PRG","3161","todo","",""
"MPMAINTEN","Maintenance","TmatWc","FUNCTION","MPMAINTEN.PRG","3239","todo","",""
"MPMAINTEN","Maintenance","Tmatret","FUNCTION","MPMAINTEN.PRG","3278","todo","",""
"MPMAINTEN","Maintenance","downpasswc","FUNCTION","MPMAINTEN.PRG","3354","todo","",""
"MPMAINTEN","Maintenance","download","FUNCTION","MPMAINTEN.PRG","3393","todo","",""
"MPMAINTEN","Maintenance","PrnTariff400","FUNCTION","MPMAINTEN.PRG","3483","todo","",""
"MPMAINTEN","Maintenance","historywc","FUNCTION","MPMAINTEN.PRG","3584","todo","",""
"MPMAINTEN","Maintenance","historyret","FUNCTION","MPMAINTEN.PRG","3627","todo","",""
"MPMAINTEN","Maintenance","historylistret","FUNCTION","MPMAINTEN.PRG","3706","todo","",""
"MPMAINTEN","Maintenance","userswc","FUNCTION","MPMAINTEN.PRG","3766","todo","",""
"MPMAINTEN","Maintenance","userseditwc","FUNCTION","MPMAINTEN.PRG","3858","todo","",""
"MPMAINTEN","Maintenance","userseditret","FUNCTION","MPMAINTEN.PRG","4001","todo","",""
"MPMAINTEN","Maintenance","userproviderwc","FUNCTION","MPMAINTEN.PRG","4267","todo","",""
"MPMAINTEN","Maintenance","userproviderret","FUNCTION","MPMAINTEN.PRG","4355","todo","",""
"MPMAINTEN","Maintenance","userauthowc","FUNCTION","MPMAINTEN.PRG","4521","todo","",""
"MPMAINTEN","Maintenance","userauthoret","FUNCTION","MPMAINTEN.PRG","4568","todo","",""
"MPMAINTEN","Maintenance","deleteuser","FUNCTION","MPMAINTEN.PRG","4656","todo","",""
"MPMAINTEN","Maintenance","workerswc","FUNCTION","MPMAINTEN.PRG","4706","todo","",""
"MPMAINTEN","Maintenance","workerseditwc","FUNCTION","MPMAINTEN.PRG","4792","todo","",""
"MPMAINTEN","Maintenance","WorkersEditRet","FUNCTION","MPMAINTEN.PRG","4883","todo","",""
"MPMAINTEN","Maintenance","deleteworker","FUNCTION","MPMAINTEN.PRG","5039","todo","",""
"MPMAINTEN","Maintenance","TrucksWc","FUNCTION","MPMAINTEN.PRG","5078","todo","",""
"MPMAINTEN","Maintenance","TrucksEditWc","FUNCTION","MPMAINTEN.PRG","5140","todo","",""
"MPMAINTEN","Maintenance","TrucksEditRet","FUNCTION","MPMAINTEN.PRG","5221","todo","",""
"MPMAINTEN","Maintenance","DeleteTruck","FUNCTION","MPMAINTEN.PRG","5349","todo","",""
"MPMAINTEN","Maintenance","temailswc","FUNCTION","MPMAINTEN.PRG","5386","todo","",""
"MPMAINTEN","Maintenance","TemailsAdd","FUNCTION","MPMAINTEN.PRG","5475","todo","",""
"MPMAINTEN","Maintenance","temailsret","FUNCTION","MPMAINTEN.PRG","5573","todo","",""
"MPMAINTEN","Maintenance","temailsorder","FUNCTION","MPMAINTEN.PRG","5640","todo","",""
"MPMAINTEN","Maintenance","TemailsTxt","FUNCTION","MPMAINTEN.PRG","5706","todo","",""
"MPMAINTEN","Maintenance","viewcookie","FUNCTION","MPMAINTEN.PRG","5753","todo","",""
"MPMAINTEN","Maintenance","leadapiwc","FUNCTION","MPMAINTEN.PRG","5836","todo","",""
"MPMAINTEN","Maintenance","LeadapiSave","FUNCTION","MPMAINTEN.PRG","5897","todo","",""
"MPMAINTEN","Maintenance","transfuwc","FUNCTION","MPMAINTEN.PRG","5995","todo","",""
"MPMAINTEN","Maintenance","transfuret","FUNCTION","MPMAINTEN.PRG","6030","todo","",""
"MPMAINTEN","Maintenance","transdeptwc","FUNCTION","MPMAINTEN.PRG","6091","todo","",""
"MPMAINTEN","Maintenance","transdeptret","FUNCTION","MPMAINTEN.PRG","6130","todo","",""
"MPMAINTEN","Maintenance","SmtpAccWc","FUNCTION","MPMAINTEN.PRG","6205","todo","",""
"MPMAINTEN","Maintenance","SmtpAccSave","FUNCTION","MPMAINTEN.PRG","6257","todo","",""
"MPMAINTEN","Maintenance","SmtpAccTest","FUNCTION","MPMAINTEN.PRG","6325","todo","",""
"MPMAINTEN","Maintenance","emailserrorlog","FUNCTION","MPMAINTEN.PRG","6405","todo","",""
"MPMAINTEN","Maintenance","TariffAreaWc","FUNCTION","MPMAINTEN.PRG","6466","todo","",""
"MPMAINTEN","Maintenance","TariffAreaRet","FUNCTION","MPMAINTEN.PRG","6559","todo","",""
"MPMAINTEN","Maintenance","TariffVolumeWc","FUNCTION","MPMAINTEN.PRG","6689","todo","",""
"MPMAINTEN","Maintenance","TariffVolumeRet","FUNCTION","MPMAINTEN.PRG","6784","todo","",""
"MPMAINTEN","Maintenance","TariffPeriodsRet","FUNCTION","MPMAINTEN.PRG","6865","todo","",""
"MPMAINTEN","Maintenance","TariffRateWc","FUNCTION","MPMAINTEN.PRG","6960","todo","",""
"MPMAINTEN","Maintenance","TariffRateRet","FUNCTION","MPMAINTEN.PRG","7148","todo","",""
"MPMAINTEN","Maintenance","TariffCopyPeriod","FUNCTION","MPMAINTEN.PRG","7251","todo","",""
"MPMAINTEN","Maintenance","TariffRateCopyZone","FUNCTION","MPMAINTEN.PRG","7302","todo","",""
"MPMAINTEN","Maintenance","TariffPercentPeriod","FUNCTION","MPMAINTEN.PRG","7341","todo","",""
"MPMAINTEN","Maintenance","TariffMenuWc","FUNCTION","MPMAINTEN.PRG","7399","todo","",""
"MPMAINTEN","Maintenance","TariffWc","FUNCTION","MPMAINTEN.PRG","7479","todo","",""
"MPMAINTEN","Maintenance","TariffPrmWc","FUNCTION","MPMAINTEN.PRG","7526","todo","",""
"MPMAINTEN","Maintenance","TariffPostWc","FUNCTION","MPMAINTEN.PRG","7566","todo","",""
"MPMAINTEN","Maintenance","TariffValidate","FUNCTION","MPMAINTEN.PRG","7662","todo","",""
"MPMAINTEN","Maintenance","TariffPrint","FUNCTION","MPMAINTEN.PRG","7743","todo","",""
"MPMAINTEN","Maintenance","TariffNewRate","FUNCTION","MPMAINTEN.PRG","7973","todo","",""
"MPMAINTEN","Maintenance","TariffTestRateWc","FUNCTION","MPMAINTEN.PRG","8021","todo","",""
"MPMAINTEN","Maintenance","TariffUpdRatePercent","FUNCTION","MPMAINTEN.PRG","8216","todo","",""
"MPMAINTEN","Maintenance","TariffUpdDollarAll","FUNCTION","MPMAINTEN.PRG","8260","todo","",""
"MPMAINTEN","Maintenance","TariffUpdPercentAll","FUNCTION","MPMAINTEN.PRG","8304","todo","",""
"MPMAINTEN","Maintenance","TariffUpdMoneyAll","FUNCTION","MPMAINTEN.PRG","8359","todo","",""
"MPMAINTEN","Maintenance","OthersWc","FUNCTION","MPMAINTEN.PRG","8408","todo","",""
"MPMAINTEN","Maintenance","OthersNew","FUNCTION","MPMAINTEN.PRG","8465","todo","",""
"MPMAINTEN","Maintenance","OthersPostWc","FUNCTION","MPMAINTEN.PRG","8501","todo","",""
"MPMAINTEN","Maintenance","OthersPrint","FUNCTION","MPMAINTEN.PRG","8595","todo","",""
"MPMAINTEN","Maintenance","OthersEditWc","FUNCTION","MPMAINTEN.PRG","8684","todo","",""
"MPMAINTEN","Maintenance","OthersEditRet","FUNCTION","MPMAINTEN.PRG","8748","todo","",""
"MPMAINTEN","Maintenance","MerchantWc","FUNCTION","MPMAINTEN.PRG","8892","todo","",""
"MPMAINTEN","Maintenance","MerchantRet","FUNCTION","MPMAINTEN.PRG","8941","todo","",""
"MPMAINTEN","Maintenance","MenPerCfTest","FUNCTION","MPMAINTEN.PRG","9018","todo","",""
"MPMAINTEN","Maintenance","FullValueWc","FUNCTION","MPMAINTEN.PRG","9095","todo","",""
"MPMAINTEN","Maintenance","FullValueRet","FUNCTION","MPMAINTEN.PRG","9187","todo","",""
"MPMAINTEN","Maintenance","fvdeductretXXXXX","FUNCTION","MPMAINTEN.PRG","9235","todo","",""
"MPMAINTEN","Maintenance","FullValueDeductRet","FUNCTION","MPMAINTEN.PRG","9288","todo","",""
"MPMAINTEN","Maintenance","leaddistruleswc","FUNCTION","MPMAINTEN.PRG","9365","todo","",""
"MPMAINTEN","Maintenance","leaddistrulesret","FUNCTION","MPMAINTEN.PRG","9471","todo","",""
"MPMAINTEN","Maintenance","tasklistwc","FUNCTION","MPMAINTEN.PRG","9584","todo","",""
"MPMAINTEN","Maintenance","TasklistRet","FUNCTION","MPMAINTEN.PRG","9624","todo","",""
"MPMAINTEN","Maintenance","handbookwc","FUNCTION","MPMAINTEN.PRG","9698","todo","",""
"MPMAINTEN","Maintenance","HandbookAdd","FUNCTION","MPMAINTEN.PRG","9786","todo","",""
"MPMAINTEN","Maintenance","handbookret","FUNCTION","MPMAINTEN.PRG","9875","todo","",""
"MPMAINTEN","Maintenance","handbookseq","FUNCTION","MPMAINTEN.PRG","9936","todo","",""
"MPMAINTEN","Maintenance","handbooktxt","FUNCTION","MPMAINTEN.PRG","9991","todo","",""
"MPOPR","Operations / jobs","oprwc","FUNCTION","MPOPR.PRG","33","todo","",""
"MPOPR","Operations / jobs","oprret","FUNCTION","MPOPR.PRG","493","todo","",""
"MPOPR","Operations / jobs","ServicesWc","FUNCTION","MPOPR.PRG","867","todo","",""
"MPOPR","Operations / jobs","ServicesRet","FUNCTION","MPOPR.PRG","920","todo","",""
"MPOPR","Operations / jobs","dailyopr","FUNCTION","MPOPR.PRG","1028","todo","",""
"MPOPR","Operations / jobs","operationday","FUNCTION","MPOPR.PRG","1639","todo","",""
"MPOPR","Operations / jobs","OperationDayRet","FUNCTION","MPOPR.PRG","2026","todo","",""
"MPOPR","Operations / jobs","blkdatesWc","FUNCTION","MPOPR.PRG","2085","todo","",""
"MPOPR","Operations / jobs","blkdatesret","FUNCTION","MPOPR.PRG","2230","todo","",""
"MPOPR","Operations / jobs","blkvisualret","FUNCTION","MPOPR.PRG","2365","todo","",""
"MPOPR","Operations / jobs","EditTripAddressWc","FUNCTION","MPOPR.PRG","2462","todo","",""
"MPOPR","Operations / jobs","paymentswc","FUNCTION","MPOPR.PRG","2499","todo","",""
"MPOPR","Operations / jobs","paymentsret","FUNCTION","MPOPR.PRG","2845","todo","",""
"MPOPR","Operations / jobs","mpwwc","FUNCTION","MPOPR.PRG","3068","todo","",""
"MPOPR","Operations / jobs","mpwret","FUNCTION","MPOPR.PRG","3136","todo","",""
"MPOPR","Operations / jobs","MpwJobwc","FUNCTION","MPOPR.PRG","3351","todo","",""
"MPOPR","Operations / jobs","MpwJobret","FUNCTION","MPOPR.PRG","3439","todo","",""
"MPOPR","Operations / jobs","truckswc","FUNCTION","MPOPR.PRG","3744","todo","",""
"MPOPR","Operations / jobs","trucksret","FUNCTION","MPOPR.PRG","3829","todo","",""
"MPOPR","Operations / jobs","wageswc","FUNCTION","MPOPR.PRG","3991","todo","",""
"MPOPR","Operations / jobs","wagesret","FUNCTION","MPOPR.PRG","4136","todo","",""
"MPOPR","Operations / jobs","payworkerret","FUNCTION","MPOPR.PRG","4250","todo","",""
"MPOPR","Operations / jobs","mpwmiscret","FUNCTION","MPOPR.PRG","4551","todo","",""
"MPOPR","Operations / jobs","mpwpendret","FUNCTION","MPOPR.PRG","4643","todo","",""
"MPOPR","Operations / jobs","recalculateworker","PROCEDURE","MPOPR.PRG","4789","todo","",""
"MPOPR","Operations / jobs","truckmiscwc","FUNCTION","MPOPR.PRG","4854","todo","",""
"MPOPR","Operations / jobs","truckmiscret","FUNCTION","MPOPR.PRG","4905","todo","",""
"MPOPR","Operations / jobs","paysaleswc","FUNCTION","MPOPR.PRG","4993","todo","",""
"MPOPR","Operations / jobs","paysalesret","FUNCTION","MPOPR.PRG","5289","todo","",""
"MPOPR","Operations / jobs","recalculatesales","PROCEDURE","MPOPR.PRG","5462","todo","",""
"MPOPR","Operations / jobs","claimsselect","FUNCTION","MPOPR.PRG","5540","todo","",""
"MPOPR","Operations / jobs","claimswc","FUNCTION","MPOPR.PRG","5591","todo","",""
"MPOPR","Operations / jobs","claimsret","FUNCTION","MPOPR.PRG","5807","todo","",""
"MPOPR","Operations / jobs","claimreasonwc","FUNCTION","MPOPR.PRG","6041","todo","",""
"MPOPR","Operations / jobs","claimreasonret","FUNCTION","MPOPR.PRG","6074","todo","",""
"MPOPR","Operations / jobs","windowclose","FUNCTION","MPOPR.PRG","6144","todo","",""
"MPOPR","Operations / jobs","closedjobret","FUNCTION","MPOPR.PRG","6152","todo","",""
"MPOPR","Operations / jobs","matsalewc","FUNCTION","MPOPR.PRG","6230","todo","",""
"MPOPR","Operations / jobs","matsaleret","FUNCTION","MPOPR.PRG","6264","todo","",""
"MPOPR","Operations / jobs","prnslipwc","FUNCTION","MPOPR.PRG","6453","todo","",""
"MPOPR","Operations / jobs","oprbookedwc","FUNCTION","MPOPR.PRG","6661","todo","",""
"MPOPR","Operations / jobs","TripsWc","FUNCTION","MPOPR.PRG","6716","todo","",""
"MPOPR","Operations / jobs","TripEditWc","FUNCTION","MPOPR.PRG","6751","todo","",""
"MPOPR","Operations / jobs","TripEditRet","FUNCTION","MPOPR.PRG","6826","todo","",""
"MPOPR","Operations / jobs","TripSelect","FUNCTION","MPOPR.PRG","7022","todo","",""
"MPOPR","Operations / jobs","AssignTripWc","FUNCTION","MPOPR.PRG","7057","todo","",""
"MPOPR","Operations / jobs","AssignTripRet","FUNCTION","MPOPR.PRG","7122","todo","",""
"MPOPR","Operations / jobs","TripClosedWc","FUNCTION","MPOPR.PRG","7184","todo","",""
"MPOPR","Operations / jobs","TripStatus","FUNCTION","MPOPR.PRG","7217","todo","",""
"MPOPR","Operations / jobs","DailyTrip","FUNCTION","MPOPR.PRG","7270","todo","",""
"MPOPR","Operations / jobs","tripday","FUNCTION","MPOPR.PRG","7379","todo","",""
"MPOPR","Operations / jobs","TripDayRet","FUNCTION","MPOPR.PRG","7577","todo","",""
"MPOPR","Operations / jobs","TripPrint","FUNCTION","MPOPR.PRG","7667","todo","",""
"MPOPR","Operations / jobs","TripAddWc","FUNCTION","MPOPR.PRG","7875","todo","",""
"MPOPR","Operations / jobs","TripAddRet","FUNCTION","MPOPR.PRG","7923","todo","",""
"MPOPR","Operations / jobs","dlvwc","FUNCTION","MPOPR.PRG","7964","todo","",""
"MPOPR","Operations / jobs","dlvret","FUNCTION","MPOPR.PRG","8285","todo","",""
"MPOPR","Operations / jobs","agentfee","FUNCTION","MPOPR.PRG","8718","todo","",""
"MPOPR","Operations / jobs","CCFORMWC","FUNCTION","MPOPR.PRG","8823","todo","",""
"MPOPR","Operations / jobs","CCFORMRET","FUNCTION","MPOPR.PRG","8956","todo","",""
"MPOPR","Operations / jobs","AuthorizeProc","PROCEDURE","MPOPR.PRG","9368","todo","",""
"MPOPR","Operations / jobs","AuthorizeVoid","PROCEDURE","MPOPR.PRG","9509","todo","",""
"MPOPR","Operations / jobs","FidelityProc","PROCEDURE","MPOPR.PRG","9639","todo","",""
"MPOPR","Operations / jobs","PAYCONFIRM","FUNCTION","MPOPR.PRG","9760","todo","",""
"MPOPR","Operations / jobs","VIEWPAYCCXXXX","FUNCTION","MPOPR.PRG","9820","todo","",""
"MPOPR","Operations / jobs","bldfuturetable","FUNCTION","MPOPR.PRG","9886","todo","",""
"MPOPR","Operations / jobs","FUTUREOPRWC","FUNCTION","MPOPR.PRG","9928","todo","",""
"MPOPR","Operations / jobs","FUTUREOPRRET","FUNCTION","MPOPR.PRG","9975","todo","",""
"MPOPR","Operations / jobs","OprOthersWc","FUNCTION","MPOPR.PRG","10210","todo","",""
"MPOPR","Operations / jobs","OprOthersRet","FUNCTION","MPOPR.PRG","10303","todo","",""
"MPOPR","Operations / jobs","UpdRadd","FUNCTION","MPOPR.PRG","10469","todo","",""
"MPOPR","Operations / jobs","sentoprinvoice","FUNCTION","MPOPR.PRG","10524","todo","",""
"MPOPR","Operations / jobs","boloprwc","FUNCTION","MPOPR.PRG","10580","todo","",""
"MPOPR","Operations / jobs","esignboloprret","FUNCTION","MPOPR.PRG","11165","todo","",""
"MPOPR","Operations / jobs","sentbolopr","FUNCTION","MPOPR.PRG","11299","todo","",""
"MPOPR","Operations / jobs","MultiPayWc","FUNCTION","MPOPR.PRG","11355","todo","",""
"MPOPR","Operations / jobs","MultiPayRet","FUNCTION","MPOPR.PRG","11431","todo","",""
"MPOPR","Operations / jobs","AuthorizeMultiPay","PROCEDURE","MPOPR.PRG","11637","todo","",""
"MPOPR","Operations / jobs","oprpostout","FUNCTION","MPOPR.PRG","11777","todo","",""
"MPPROC-YOSSI","","l_gentxt","FUNCTION","MPPROC-yossi.PRG","21","todo","",""
"MPPROC-YOSSI","","XNEWCOOKIE","PROCEDURE","MPPROC-yossi.PRG","184","todo","",""
"MPPROC-YOSSI","","XDISTANCE","PROCEDURE","MPPROC-yossi.PRG","263","todo","",""
"MPPROC-YOSSI","","XCITYSTATE","PROCEDURE","MPPROC-yossi.PRG","313","todo","",""
"MPPROC-YOSSI","","XDATE","PROCEDURE","MPPROC-yossi.PRG","351","todo","",""
"MPPROC-YOSSI","","XCDATE","PROCEDURE","MPPROC-yossi.PRG","389","todo","",""
"MPPROC-YOSSI","","XMONTH","PROCEDURE","MPPROC-yossi.PRG","424","todo","",""
"MPPROC-YOSSI","","XBELL","PROCEDURE","MPPROC-yossi.PRG","453","todo","",""
"MPPROC-YOSSI","","XTARIFF","PROCEDURE","MPPROC-yossi.PRG","470","todo","",""
"MPPROC-YOSSI","","XTARIFDISC","PROCEDURE","MPPROC-yossi.PRG","518","todo","",""
"MPPROC-YOSSI","","XTPERIODS","PROCEDURE","MPPROC-yossi.PRG","706","todo","",""
"MPPROC-YOSSI","","XDPERIODS","PROCEDURE","MPPROC-yossi.PRG","735","todo","",""
"MPPROC-YOSSI","","XVALIDCREDIT","PROCEDURE","MPPROC-yossi.PRG","782","todo","",""
"MPPROC-YOSSI","","XVALIDPHONE","PROCEDURE","MPPROC-yossi.PRG","810","todo","",""
"MPPROC-YOSSI","","XVALIDESTPHONE","PROCEDURE","MPPROC-yossi.PRG","838","todo","",""
"MPPROC-YOSSI","","XPHONEVALID","PROCEDURE","MPPROC-yossi.PRG","855","todo","",""
"MPPROC-YOSSI","","XESTLOG","PROCEDURE","MPPROC-yossi.PRG","875","todo","",""
"MPPROC-YOSSI","","XEST_LOG","PROCEDURE","MPPROC-yossi.PRG","932","todo","",""
"MPPROC-YOSSI","","XPERHRS","PROCEDURE","MPPROC-yossi.PRG","958","todo","",""
"MPPROC-YOSSI","","XSCHED","PROCEDURE","MPPROC-yossi.PRG","1046","todo","",""
"MPPROC-YOSSI","","XRESCHED","PROCEDURE","MPPROC-yossi.PRG","1079","todo","",""
"MPPROC-YOSSI","","XBUILDSCHED","PROCEDURE","MPPROC-yossi.PRG","1100","todo","",""
"MPPROC-YOSSI","","XMPW","PROCEDURE","MPPROC-yossi.PRG","1122","todo","",""
"MPPROC-YOSSI","","XBLDMPW","PROCEDURE","MPPROC-yossi.PRG","1217","todo","",""
"MPPROC-YOSSI","","XMPWSQL","PROCEDURE","MPPROC-yossi.PRG","1268","todo","",""
"MPPROC-YOSSI","","XBLDMPW_SQL","PROCEDURE","MPPROC-yossi.PRG","1444","todo","",""
"MPPROC-YOSSI","","XPRNEST","PROCEDURE","MPPROC-yossi.PRG","1502","todo","",""
"MPPROC-YOSSI","","XRETRIVEHISTORY","PROCEDURE","MPPROC-yossi.PRG","1557","todo","",""
"MPPROC-YOSSI","","XNEWREFNO","PROCEDURE","MPPROC-yossi.PRG","1617","todo","",""
"MPPROC-YOSSI","","XUPDDATA","PROCEDURE","MPPROC-yossi.PRG","1653","todo","",""
"MPPROC-YOSSI","","XTRIPADD","PROCEDURE","MPPROC-yossi.PRG","1697","todo","",""
"MPPROC-YOSSI","","XBLDTRIPSXXXX","PROCEDURE","MPPROC-yossi.PRG","1792","todo","",""
"MPPROC-YOSSI","","XUPDTRIPS","PROCEDURE","MPPROC-yossi.PRG","1849","todo","",""
"MPPROC-YOSSI","","XBLDINV","PROCEDURE","MPPROC-yossi.PRG","1917","todo","",""
"MPPROC-YOSSI","","XBLDINVYYYYYYYY","PROCEDURE","MPPROC-yossi.PRG","1963","todo","",""
"MPPROC-YOSSI","","XBUILDINV","PROCEDURE","MPPROC-yossi.PRG","2008","todo","",""
"MPPROC-YOSSI","","XBLD_PRNINV","PROCEDURE","MPPROC-yossi.PRG","2122","todo","",""
"MPPROC-YOSSI","","XINVNOLOAD","PROCEDURE","MPPROC-yossi.PRG","2175","todo","",""
"MPPROC-YOSSI","","XBLDMAT","PROCEDURE","MPPROC-yossi.PRG","2290","todo","",""
"MPPROC-YOSSI","","XBLDOPRMAT","PROCEDURE","MPPROC-yossi.PRG","2319","todo","",""
"MPPROC-YOSSI","","XADDRESS","PROCEDURE","MPPROC-yossi.PRG","2348","todo","",""
"MPPROC-YOSSI","","XSTATEONUP","PROCEDURE","MPPROC-yossi.PRG","2415","todo","",""
"MPPROC-YOSSI","","XLOGEMAIL","PROCEDURE","MPPROC-yossi.PRG","2517","todo","",""
"MPPROC-YOSSI","","XINSERT_T0_PE","PROCEDURE","MPPROC-yossi.PRG","2572","todo","",""
"MPPROC-YOSSI","","XVIEWEMAIL","PROCEDURE","MPPROC-yossi.PRG","2705","todo","",""
"MPPROC-YOSSI","","XVIEWBOL","PROCEDURE","MPPROC-yossi.PRG","2847","todo","",""
"MPPROC-YOSSI","","XNAVCOUNT","PROCEDURE","MPPROC-yossi.PRG","2923","todo","",""
"MPPROC-YOSSI","","XFIRSTEMAIL","PROCEDURE","MPPROC-yossi.PRG","3075","todo","",""
"MPPROC-YOSSI","","XBOOKEMAIL","PROCEDURE","MPPROC-yossi.PRG","3283","todo","",""
"MPPROC-YOSSI","","XBODY","PROCEDURE","MPPROC-yossi.PRG","3516","todo","",""
"MPPROC-YOSSI","","XOUTGOING","PROCEDURE","MPPROC-yossi.PRG","3580","todo","",""
"MPPROC-YOSSI","","XBLDAUTOZONE","PROCEDURE","MPPROC-yossi.PRG","3628","todo","",""
"MPPROC-YOSSI","","XAUTOZONE_AB","PROCEDURE","MPPROC-yossi.PRG","3648","todo","",""
"MPPROC-YOSSI","","XAUTOZONE_A","PROCEDURE","MPPROC-yossi.PRG","3692","todo","",""
"MPPROC-YOSSI","","XAUTOZONE_B","PROCEDURE","MPPROC-yossi.PRG","3769","todo","",""
"MPPROC-YOSSI","","XGOTLEAD","PROCEDURE","MPPROC-yossi.PRG","3827","todo","",""
"MPPROC-YOSSI","","XNEXTJOBNO","PROCEDURE","MPPROC-yossi.PRG","3866","todo","",""
"MPPROC-YOSSI","","XSTARTDEPT","PROCEDURE","MPPROC-yossi.PRG","3902","todo","",""
"MPPROC-YOSSI","","XMOVESIZE","PROCEDURE","MPPROC-yossi.PRG","3921","todo","",""
"MPPROC-YOSSI","","XDTARIFF_AB","PROCEDURE","MPPROC-yossi.PRG","3965","todo","",""
"MPPROC-YOSSI","","XDTARIFF_A","PROCEDURE","MPPROC-yossi.PRG","4011","todo","",""
"MPPROC-YOSSI","","XDTARIFF_B","PROCEDURE","MPPROC-yossi.PRG","4083","todo","",""
"MPPROC-YOSSI","","XDTARIFFPRC","PROCEDURE","MPPROC-yossi.PRG","4134","todo","",""
"MPPROC-YOSSI","","XDVALIDRATE","PROCEDURE","MPPROC-yossi.PRG","4218","todo","",""
"MPPROC-YOSSI","","XUPD_DMAINID","PROCEDURE","MPPROC-yossi.PRG","4336","todo","",""
"MPPROC-YOSSI","","XDTARIFFOKXXXXXXXXX","PROCEDURE","MPPROC-yossi.PRG","4469","todo","",""
"MPPROC-YOSSI","","XDtestRate","PROCEDURE","MPPROC-yossi.PRG","4500","todo","",""
"MPPROC-YOSSI","","XCOMPLETION","PROCEDURE","MPPROC-yossi.PRG","4709","todo","",""
"MPPROC-YOSSI","","XCOMPLETEINTLX","PROCEDURE","MPPROC-yossi.PRG","4874","todo","",""
"MPPROC-YOSSI","","XOPERATIONLISTYYYYYY","PROCEDURE","MPPROC-yossi.PRG","4959","todo","",""
"MPPROC-YOSSI","","XOPERATIONLIST","PROCEDURE","MPPROC-yossi.PRG","5022","todo","",""
"MPPROC-YOSSI","","XOPERATIONTRUCK","PROCEDURE","MPPROC-yossi.PRG","5086","todo","",""
"MPPROC-YOSSI","","XAGENTTRIP","PROCEDURE","MPPROC-yossi.PRG","5159","todo","",""
"MPPROC-YOSSI","","XREMID","PROCEDURE","MPPROC-yossi.PRG","5235","todo","",""
"MPPROC-YOSSI","","XREM_A","PROCEDURE","MPPROC-yossi.PRG","5312","todo","",""
"MPPROC-YOSSI","","XREM_B","PROCEDURE","MPPROC-yossi.PRG","5332","todo","",""
"MPPROC-YOSSI","","XCNO","PROCEDURE","MPPROC-yossi.PRG","5400","todo","",""
"MPPROC-YOSSI","","XCALCTIME","PROCEDURE","MPPROC-yossi.PRG","5434","todo","",""
"MPPROC-YOSSI","","XCLEANIRREGULAR","PROCEDURE","MPPROC-yossi.PRG","5485","todo","",""
"MPPROC-YOSSI","","XCLEANIRREGULAR_AZ","PROCEDURE","MPPROC-yossi.PRG","5520","todo","",""
"MPPROC-YOSSI","","XCLEANDIGIT","PROCEDURE","MPPROC-yossi.PRG","5544","todo","",""
"MPPROC-YOSSI","","XCLEANEMAIL","PROCEDURE","MPPROC-yossi.PRG","5571","todo","",""
"MPPROC-YOSSI","","XONLYNUMERIC","PROCEDURE","MPPROC-yossi.PRG","5607","todo","",""
"MPPROC-YOSSI","","XFOXERROR","PROCEDURE","MPPROC-yossi.PRG","5633","todo","",""
"MPPROC-YOSSI","","XSQLERROR","PROCEDURE","MPPROC-yossi.PRG","5697","todo","",""
"MPPROC-YOSSI","","XPrivateVariables","PROCEDURE","MPPROC-yossi.PRG","5739","todo","",""
"MPPROC-YOSSI","","REMOVENULL","PROCEDURE","MPPROC-yossi.PRG","5767","todo","",""
"MPPROC-YOSSI","","XLOGBOOKING","PROCEDURE","MPPROC-yossi.PRG","5803","todo","",""
"MPPROC-YOSSI","","XCompileZZList","PROCEDURE","MPPROC-yossi.PRG","5883","todo","",""
"MPPROC-YOSSI","","XCompileTrans","PROCEDURE","MPPROC-yossi.PRG","5938","todo","",""
"MPPROC-YOSSI","","XCompileImages","PROCEDURE","MPPROC-yossi.PRG","5998","todo","",""
"MPPROC-YOSSI","","XLOGADMIN","PROCEDURE","MPPROC-yossi.PRG","6052","todo","",""
"MPPROC-YOSSI","","XPHONE10","PROCEDURE","MPPROC-yossi.PRG","6076","todo","",""
"MPPROC-YOSSI","","XDIALPHONE10","PROCEDURE","MPPROC-yossi.PRG","6106","todo","",""
"MPPROC-YOSSI","","XPAYSUM","PROCEDURE","MPPROC-yossi.PRG","6133","todo","",""
"MPPROC-YOSSI","","CHR2NUM","PROCEDURE","MPPROC-yossi.PRG","6160","todo","",""
"MPPROC-YOSSI","","XQUIT","PROCEDURE","MPPROC-yossi.PRG","6178","todo","",""
"MPPROC-YOSSI","","XFVP","PROCEDURE","MPPROC-yossi.PRG","6187","todo","",""
"MPPROC-YOSSI","","XQA","PROCEDURE","MPPROC-yossi.PRG","6234","todo","",""
"MPPROC-YOSSI","","XINSERTQA","PROCEDURE","MPPROC-yossi.PRG","6250","todo","",""
"MPPROC-YOSSI","","XUPDJOBS","PROCEDURE","MPPROC-yossi.PRG","6316","todo","",""
"MPPROC-YOSSI","","XGOTNEW","PROCEDURE","MPPROC-yossi.PRG","6348","todo","",""
"MPPROC-YOSSI","","XHITS_INSERT","PROCEDURE","MPPROC-yossi.PRG","6369","todo","",""
"MPPROC-YOSSI","","XFUALERT","PROCEDURE","MPPROC-yossi.PRG","6387","todo","",""
"MPPROC-YOSSI","","XCOOKIEMSG","PROCEDURE","MPPROC-yossi.PRG","6409","todo","",""
"MPPROC-YOSSI","","XUPDDATE","PROCEDURE","MPPROC-yossi.PRG","6447","todo","",""
"MPPROC-YOSSI","","XBLKDATES","PROCEDURE","MPPROC-yossi.PRG","6475","todo","",""
"MPPROC-YOSSI","","XBLKDAY","PROCEDURE","MPPROC-yossi.PRG","6538","todo","",""
"MPPROC-YOSSI","","XBLKVISUAL","PROCEDURE","MPPROC-yossi.PRG","6571","todo","",""
"MPPROC-YOSSI","","XBLKVISDATES","PROCEDURE","MPPROC-yossi.PRG","6594","todo","",""
"MPPROC-YOSSI","","XFROMSQL","PROCEDURE","MPPROC-yossi.PRG","6634","todo","",""
"MPPROC-YOSSI","","XKILLAUTOREFRESH","PROCEDURE","MPPROC-yossi.PRG","6667","todo","",""
"MPPROC-YOSSI","","XUPD_CST_JOBS","PROCEDURE","MPPROC-yossi.PRG","6698","todo","",""
"MPPROC-YOSSI","","XPAGINGPROC","PROCEDURE","MPPROC-yossi.PRG","6816","todo","",""
"MPPROC-YOSSI","","XPAGINGPROCSSS","PROCEDURE","MPPROC-yossi.PRG","6879","todo","",""
"MPPROC-YOSSI","","XPAGINGXXX","PROCEDURE","MPPROC-yossi.PRG","6961","todo","",""
"MPPROC-YOSSI","","XBLD_BOL","PROCEDURE","MPPROC-yossi.PRG","6988","todo","",""
"MPPROC-YOSSI","","XVALIDUSER","PROCEDURE","MPPROC-yossi.PRG","7069","todo","",""
"MPPROC","","l_gentxt","FUNCTION","MPPROC.PRG","21","todo","",""
"MPPROC","","XNEWCOOKIE","PROCEDURE","MPPROC.PRG","184","todo","",""
"MPPROC","","XDISTANCE","PROCEDURE","MPPROC.PRG","263","todo","",""
"MPPROC","","XCITYSTATE","PROCEDURE","MPPROC.PRG","313","todo","",""
"MPPROC","","XDATE","PROCEDURE","MPPROC.PRG","351","todo","",""
"MPPROC","","XCDATE","PROCEDURE","MPPROC.PRG","389","todo","",""
"MPPROC","","XMONTH","PROCEDURE","MPPROC.PRG","424","todo","",""
"MPPROC","","XBELL","PROCEDURE","MPPROC.PRG","453","todo","",""
"MPPROC","","XTARIFF","PROCEDURE","MPPROC.PRG","470","todo","",""
"MPPROC","","XTARIFDISC","PROCEDURE","MPPROC.PRG","518","todo","",""
"MPPROC","","XTPERIODS","PROCEDURE","MPPROC.PRG","706","todo","",""
"MPPROC","","XDPERIODS","PROCEDURE","MPPROC.PRG","735","todo","",""
"MPPROC","","XVALIDCREDIT","PROCEDURE","MPPROC.PRG","782","todo","",""
"MPPROC","","XVALIDPHONE","PROCEDURE","MPPROC.PRG","810","todo","",""
"MPPROC","","XVALIDESTPHONE","PROCEDURE","MPPROC.PRG","838","todo","",""
"MPPROC","","XPHONEVALID","PROCEDURE","MPPROC.PRG","855","todo","",""
"MPPROC","","XESTLOG","PROCEDURE","MPPROC.PRG","875","todo","",""
"MPPROC","","XEST_LOG","PROCEDURE","MPPROC.PRG","932","todo","",""
"MPPROC","","XPERHRS","PROCEDURE","MPPROC.PRG","958","todo","",""
"MPPROC","","XSCHED","PROCEDURE","MPPROC.PRG","1046","todo","",""
"MPPROC","","XRESCHED","PROCEDURE","MPPROC.PRG","1079","todo","",""
"MPPROC","","XBUILDSCHED","PROCEDURE","MPPROC.PRG","1100","todo","",""
"MPPROC","","XMPW","PROCEDURE","MPPROC.PRG","1122","todo","",""
"MPPROC","","XBLDMPW","PROCEDURE","MPPROC.PRG","1235","todo","",""
"MPPROC","","XMPWSQL","PROCEDURE","MPPROC.PRG","1286","todo","",""
"MPPROC","","XBLDMPW_SQL","PROCEDURE","MPPROC.PRG","1462","todo","",""
"MPPROC","","XPRNEST","PROCEDURE","MPPROC.PRG","1520","todo","",""
"MPPROC","","XRETRIVEHISTORY","PROCEDURE","MPPROC.PRG","1574","todo","",""
"MPPROC","","XNEWREFNO","PROCEDURE","MPPROC.PRG","1634","todo","",""
"MPPROC","","XUPDDATA","PROCEDURE","MPPROC.PRG","1670","todo","",""
"MPPROC","","XTRIPADD","PROCEDURE","MPPROC.PRG","1714","todo","",""
"MPPROC","","XUPDTRIPS","PROCEDURE","MPPROC.PRG","1809","todo","",""
"MPPROC","","XBLDINV","PROCEDURE","MPPROC.PRG","1877","todo","",""
"MPPROC","","XBLDINVYYYYYYYY","PROCEDURE","MPPROC.PRG","1923","todo","",""
"MPPROC","","XBUILDINV","PROCEDURE","MPPROC.PRG","1968","todo","",""
"MPPROC","","XBLD_PRNINV","PROCEDURE","MPPROC.PRG","2078","todo","",""
"MPPROC","","XINVNOLOAD","PROCEDURE","MPPROC.PRG","2131","todo","",""
"MPPROC","","XBLDMAT","PROCEDURE","MPPROC.PRG","2242","todo","",""
"MPPROC","","XBLDOPRMAT","PROCEDURE","MPPROC.PRG","2271","todo","",""
"MPPROC","","XADDRESS","PROCEDURE","MPPROC.PRG","2300","todo","",""
"MPPROC","","XSTATEONUP","PROCEDURE","MPPROC.PRG","2367","todo","",""
"MPPROC","","XLOGEMAIL","PROCEDURE","MPPROC.PRG","2469","todo","",""
"MPPROC","","XINSERT_T0_PE","PROCEDURE","MPPROC.PRG","2524","todo","",""
"MPPROC","","XVIEWEMAIL","PROCEDURE","MPPROC.PRG","2664","todo","",""
"MPPROC","","XVIEWEMAILXXXX","PROCEDURE","MPPROC.PRG","2798","todo","",""
"MPPROC","","XVIEWBOL","PROCEDURE","MPPROC.PRG","2941","todo","",""
"MPPROC","","XVIEWBOLXXXX","PROCEDURE","MPPROC.PRG","3032","todo","",""
"MPPROC","","XNAVCOUNT","PROCEDURE","MPPROC.PRG","3116","todo","",""
"MPPROC","","XFIRSTEMAIL","PROCEDURE","MPPROC.PRG","3268","todo","",""
"MPPROC","","XBOOKEMAIL","PROCEDURE","MPPROC.PRG","3478","todo","",""
"MPPROC","","XBODY","PROCEDURE","MPPROC.PRG","3713","todo","",""
"MPPROC","","XOUTGOING","PROCEDURE","MPPROC.PRG","3779","todo","",""
"MPPROC","","XBLDAUTOZONE","PROCEDURE","MPPROC.PRG","3827","todo","",""
"MPPROC","","XAUTOZONE_AB","PROCEDURE","MPPROC.PRG","3847","todo","",""
"MPPROC","","XAUTOZONE_A","PROCEDURE","MPPROC.PRG","3891","todo","",""
"MPPROC","","XAUTOZONE_B","PROCEDURE","MPPROC.PRG","3968","todo","",""
"MPPROC","","XGOTLEAD","PROCEDURE","MPPROC.PRG","4026","todo","",""
"MPPROC","","XNEXTJOBNO","PROCEDURE","MPPROC.PRG","4065","todo","",""
"MPPROC","","XSTARTDEPT","PROCEDURE","MPPROC.PRG","4101","todo","",""
"MPPROC","","XMOVESIZE","PROCEDURE","MPPROC.PRG","4120","todo","",""
"MPPROC","","XDTARIFF_AB","PROCEDURE","MPPROC.PRG","4164","todo","",""
"MPPROC","","XDTARIFF_A","PROCEDURE","MPPROC.PRG","4210","todo","",""
"MPPROC","","XDTARIFF_B","PROCEDURE","MPPROC.PRG","4282","todo","",""
"MPPROC","","XDTARIFFPRC","PROCEDURE","MPPROC.PRG","4333","todo","",""
"MPPROC","","XDVALIDRATE","PROCEDURE","MPPROC.PRG","4417","todo","",""
"MPPROC","","XUPD_DMAINID","PROCEDURE","MPPROC.PRG","4535","todo","",""
"MPPROC","","XDtestRate","PROCEDURE","MPPROC.PRG","4667","todo","",""
"MPPROC","","XCOMPLETION","PROCEDURE","MPPROC.PRG","4876","todo","",""
"MPPROC","","XCOMPLETEINTLX","PROCEDURE","MPPROC.PRG","5041","todo","",""
"MPPROC","","XOPERATIONLISTYYYYYY","PROCEDURE","MPPROC.PRG","5126","todo","",""
"MPPROC","","XOPERATIONLIST","PROCEDURE","MPPROC.PRG","5189","todo","",""
"MPPROC","","XOPERATIONTRUCK","PROCEDURE","MPPROC.PRG","5253","todo","",""
"MPPROC","","XAGENTTRIP","PROCEDURE","MPPROC.PRG","5326","todo","",""
"MPPROC","","XREMID","PROCEDURE","MPPROC.PRG","5402","todo","",""
"MPPROC","","XREM_A","PROCEDURE","MPPROC.PRG","5479","todo","",""
"MPPROC","","XREM_B","PROCEDURE","MPPROC.PRG","5499","todo","",""
"MPPROC","","XCNO","PROCEDURE","MPPROC.PRG","5567","todo","",""
"MPPROC","","XCALCTIME","PROCEDURE","MPPROC.PRG","5601","todo","",""
"MPPROC","","XCLEANIRREGULAR","PROCEDURE","MPPROC.PRG","5652","todo","",""
"MPPROC","","XCLEANIRREGULAR_AZ","PROCEDURE","MPPROC.PRG","5687","todo","",""
"MPPROC","","XCLEANDIGIT","PROCEDURE","MPPROC.PRG","5711","todo","",""
"MPPROC","","XCLEANEMAIL","PROCEDURE","MPPROC.PRG","5738","todo","",""
"MPPROC","","XONLYNUMERIC","PROCEDURE","MPPROC.PRG","5774","todo","",""
"MPPROC","","XFOXERROR","PROCEDURE","MPPROC.PRG","5800","todo","",""
"MPPROC","","XSQLERROR","PROCEDURE","MPPROC.PRG","5864","todo","",""
"MPPROC","","XPrivateVariables","PROCEDURE","MPPROC.PRG","5906","todo","",""
"MPPROC","","REMOVENULL","PROCEDURE","MPPROC.PRG","5934","todo","",""
"MPPROC","","XLOGBOOKING","PROCEDURE","MPPROC.PRG","5970","todo","",""
"MPPROC","","XCompileZZList","PROCEDURE","MPPROC.PRG","6050","todo","",""
"MPPROC","","XCompileTrans","PROCEDURE","MPPROC.PRG","6105","todo","",""
"MPPROC","","XCompileImages","PROCEDURE","MPPROC.PRG","6165","todo","",""
"MPPROC","","XLOGADMIN","PROCEDURE","MPPROC.PRG","6219","todo","",""
"MPPROC","","XPHONE10","PROCEDURE","MPPROC.PRG","6243","todo","",""
"MPPROC","","XPAYSUM","PROCEDURE","MPPROC.PRG","6274","todo","",""
"MPPROC","","CHR2NUM","PROCEDURE","MPPROC.PRG","6301","todo","",""
"MPPROC","","XQUIT","PROCEDURE","MPPROC.PRG","6319","todo","",""
"MPPROC","","XFVP","PROCEDURE","MPPROC.PRG","6328","todo","",""
"MPPROC","","XQA","PROCEDURE","MPPROC.PRG","6375","todo","",""
"MPPROC","","XINSERTQA","PROCEDURE","MPPROC.PRG","6391","todo","",""
"MPPROC","","XUPDJOBS","PROCEDURE","MPPROC.PRG","6457","todo","",""
"MPPROC","","XGOTNEW","PROCEDURE","MPPROC.PRG","6489","todo","",""
"MPPROC","","XHITS_INSERT","PROCEDURE","MPPROC.PRG","6510","todo","",""
"MPPROC","","XFUALERT","PROCEDURE","MPPROC.PRG","6528","todo","",""
"MPPROC","","XCOOKIEMSG","PROCEDURE","MPPROC.PRG","6550","todo","",""
"MPPROC","","XUPDDATE","PROCEDURE","MPPROC.PRG","6588","todo","",""
"MPPROC","","XBLKDATES","PROCEDURE","MPPROC.PRG","6616","todo","",""
"MPPROC","","XBLKDAY","PROCEDURE","MPPROC.PRG","6679","todo","",""
"MPPROC","","XBLKVISUAL","PROCEDURE","MPPROC.PRG","6713","todo","",""
"MPPROC","","XBLKVISDATES","PROCEDURE","MPPROC.PRG","6736","todo","",""
"MPPROC","","XFROMSQL","PROCEDURE","MPPROC.PRG","6776","todo","",""
"MPPROC","","XKILLAUTOREFRESH","PROCEDURE","MPPROC.PRG","6809","todo","",""
"MPPROC","","XUPD_CST_JOBS","PROCEDURE","MPPROC.PRG","6840","todo","",""
"MPPROC","","XPAGINGPROC","PROCEDURE","MPPROC.PRG","6958","todo","",""
"MPPROC","","XPAGINGPROCSSS","PROCEDURE","MPPROC.PRG","7021","todo","",""
"MPPROC","","XPAGINGXXX","PROCEDURE","MPPROC.PRG","7103","todo","",""
"MPPROC","","XBLD_BOL","PROCEDURE","MPPROC.PRG","7130","todo","",""
"MPPROC","","XVALIDUSER","PROCEDURE","MPPROC.PRG","7219","todo","",""
"MPPROC_FIX","","l_gentxt","FUNCTION","MPPROC_FIX.prg","21","todo","",""
"MPPROC_FIX","","XNEWCOOKIE","PROCEDURE","MPPROC_FIX.prg","184","todo","",""
"MPPROC_FIX","","XDISTANCE","PROCEDURE","MPPROC_FIX.prg","263","todo","",""
"MPPROC_FIX","","XCITYSTATE","PROCEDURE","MPPROC_FIX.prg","313","todo","",""
"MPPROC_FIX","","XDATE","PROCEDURE","MPPROC_FIX.prg","351","todo","",""
"MPPROC_FIX","","XCDATE","PROCEDURE","MPPROC_FIX.prg","389","todo","",""
"MPPROC_FIX","","XMONTH","PROCEDURE","MPPROC_FIX.prg","424","todo","",""
"MPPROC_FIX","","XBELL","PROCEDURE","MPPROC_FIX.prg","453","todo","",""
"MPPROC_FIX","","XTARIFF","PROCEDURE","MPPROC_FIX.prg","470","todo","",""
"MPPROC_FIX","","XTARIFDISC","PROCEDURE","MPPROC_FIX.prg","518","todo","",""
"MPPROC_FIX","","XTPERIODS","PROCEDURE","MPPROC_FIX.prg","706","todo","",""
"MPPROC_FIX","","XDPERIODS","PROCEDURE","MPPROC_FIX.prg","735","todo","",""
"MPPROC_FIX","","XVALIDCREDIT","PROCEDURE","MPPROC_FIX.prg","782","todo","",""
"MPPROC_FIX","","XVALIDPHONE","PROCEDURE","MPPROC_FIX.prg","810","todo","",""
"MPPROC_FIX","","XVALIDESTPHONE","PROCEDURE","MPPROC_FIX.prg","838","todo","",""
"MPPROC_FIX","","XPHONEVALID","PROCEDURE","MPPROC_FIX.prg","855","todo","",""
"MPPROC_FIX","","XESTLOG","PROCEDURE","MPPROC_FIX.prg","875","todo","",""
"MPPROC_FIX","","XEST_LOG","PROCEDURE","MPPROC_FIX.prg","932","todo","",""
"MPPROC_FIX","","XPERHRS","PROCEDURE","MPPROC_FIX.prg","958","todo","",""
"MPPROC_FIX","","XSCHED","PROCEDURE","MPPROC_FIX.prg","1046","todo","",""
"MPPROC_FIX","","XRESCHED","PROCEDURE","MPPROC_FIX.prg","1079","todo","",""
"MPPROC_FIX","","XBUILDSCHED","PROCEDURE","MPPROC_FIX.prg","1100","todo","",""
"MPPROC_FIX","","XMPW","PROCEDURE","MPPROC_FIX.prg","1122","todo","",""
"MPPROC_FIX","","XBLDMPW","PROCEDURE","MPPROC_FIX.prg","1217","todo","",""
"MPPROC_FIX","","XMPWSQL","PROCEDURE","MPPROC_FIX.prg","1268","todo","",""
"MPPROC_FIX","","XBLDMPW_SQL","PROCEDURE","MPPROC_FIX.prg","1444","todo","",""
"MPPROC_FIX","","XPRNEST","PROCEDURE","MPPROC_FIX.prg","1502","todo","",""
"MPPROC_FIX","","XRETRIVEHISTORY","PROCEDURE","MPPROC_FIX.prg","1557","todo","",""
"MPPROC_FIX","","XNEWREFNO","PROCEDURE","MPPROC_FIX.prg","1617","todo","",""
"MPPROC_FIX","","XUPDDATA","PROCEDURE","MPPROC_FIX.prg","1653","todo","",""
"MPPROC_FIX","","XTRIPADD","PROCEDURE","MPPROC_FIX.prg","1697","todo","",""
"MPPROC_FIX","","XBLDTRIPSXXXX","PROCEDURE","MPPROC_FIX.prg","1792","todo","",""
"MPPROC_FIX","","XUPDTRIPS","PROCEDURE","MPPROC_FIX.prg","1849","todo","",""
"MPPROC_FIX","","XBLDINV","PROCEDURE","MPPROC_FIX.prg","1917","todo","",""
"MPPROC_FIX","","XBLDINVYYYYYYYY","PROCEDURE","MPPROC_FIX.prg","1963","todo","",""
"MPPROC_FIX","","XBUILDINV","PROCEDURE","MPPROC_FIX.prg","2008","todo","",""
"MPPROC_FIX","","XBLD_PRNINV","PROCEDURE","MPPROC_FIX.prg","2122","todo","",""
"MPPROC_FIX","","XINVNOLOAD","PROCEDURE","MPPROC_FIX.prg","2175","todo","",""
"MPPROC_FIX","","XBLDMAT","PROCEDURE","MPPROC_FIX.prg","2290","todo","",""
"MPPROC_FIX","","XBLDOPRMAT","PROCEDURE","MPPROC_FIX.prg","2319","todo","",""
"MPPROC_FIX","","XADDRESS","PROCEDURE","MPPROC_FIX.prg","2348","todo","",""
"MPPROC_FIX","","XSTATEONUP","PROCEDURE","MPPROC_FIX.prg","2415","todo","",""
"MPPROC_FIX","","XLOGEMAIL","PROCEDURE","MPPROC_FIX.prg","2517","todo","",""
"MPPROC_FIX","","XINSERT_T0_PE","PROCEDURE","MPPROC_FIX.prg","2572","todo","",""
"MPPROC_FIX","","XVIEWEMAIL","PROCEDURE","MPPROC_FIX.prg","2705","todo","",""
"MPPROC_FIX","","XVIEWBOL","PROCEDURE","MPPROC_FIX.prg","2847","todo","",""
"MPPROC_FIX","","XNAVCOUNT","PROCEDURE","MPPROC_FIX.prg","2923","todo","",""
"MPPROC_FIX","","XFIRSTEMAIL","PROCEDURE","MPPROC_FIX.prg","3075","todo","",""
"MPPROC_FIX","","XBOOKEMAIL","PROCEDURE","MPPROC_FIX.prg","3283","todo","",""
"MPPROC_FIX","","XBODY","PROCEDURE","MPPROC_FIX.prg","3516","todo","",""
"MPPROC_FIX","","XOUTGOING","PROCEDURE","MPPROC_FIX.prg","3580","todo","",""
"MPPROC_FIX","","XBLDAUTOZONE","PROCEDURE","MPPROC_FIX.prg","3628","todo","",""
"MPPROC_FIX","","XAUTOZONE_AB","PROCEDURE","MPPROC_FIX.prg","3648","todo","",""
"MPPROC_FIX","","XAUTOZONE_A","PROCEDURE","MPPROC_FIX.prg","3692","todo","",""
"MPPROC_FIX","","XAUTOZONE_B","PROCEDURE","MPPROC_FIX.prg","3769","todo","",""
"MPPROC_FIX","","XGOTLEAD","PROCEDURE","MPPROC_FIX.prg","3827","todo","",""
"MPPROC_FIX","","XNEXTJOBNO","PROCEDURE","MPPROC_FIX.prg","3866","todo","",""
"MPPROC_FIX","","XSTARTDEPT","PROCEDURE","MPPROC_FIX.prg","3902","todo","",""
"MPPROC_FIX","","XMOVESIZE","PROCEDURE","MPPROC_FIX.prg","3921","todo","",""
"MPPROC_FIX","","XDTARIFF_AB","PROCEDURE","MPPROC_FIX.prg","3965","todo","",""
"MPPROC_FIX","","XDTARIFF_A","PROCEDURE","MPPROC_FIX.prg","4011","todo","",""
"MPPROC_FIX","","XDTARIFF_B","PROCEDURE","MPPROC_FIX.prg","4083","todo","",""
"MPPROC_FIX","","XDTARIFFPRC","PROCEDURE","MPPROC_FIX.prg","4134","todo","",""
"MPPROC_FIX","","XDVALIDRATE","PROCEDURE","MPPROC_FIX.prg","4218","todo","",""
"MPPROC_FIX","","XUPD_DMAINID","PROCEDURE","MPPROC_FIX.prg","4336","todo","",""
"MPPROC_FIX","","XDTARIFFOKXXXXXXXXX","PROCEDURE","MPPROC_FIX.prg","4469","todo","",""
"MPPROC_FIX","","XDtestRate","PROCEDURE","MPPROC_FIX.prg","4500","todo","",""
"MPPROC_FIX","","XCOMPLETION","PROCEDURE","MPPROC_FIX.prg","4709","todo","",""
"MPPROC_FIX","","XCOMPLETEINTLX","PROCEDURE","MPPROC_FIX.prg","4874","todo","",""
"MPPROC_FIX","","XOPERATIONLISTYYYYYY","PROCEDURE","MPPROC_FIX.prg","4959","todo","",""
"MPPROC_FIX","","XOPERATIONLIST","PROCEDURE","MPPROC_FIX.prg","5022","todo","",""
"MPPROC_FIX","","XOPERATIONTRUCK","PROCEDURE","MPPROC_FIX.prg","5086","todo","",""
"MPPROC_FIX","","XAGENTTRIP","PROCEDURE","MPPROC_FIX.prg","5159","todo","",""
"MPPROC_FIX","","XREMID","PROCEDURE","MPPROC_FIX.prg","5235","todo","",""
"MPPROC_FIX","","XREM_A","PROCEDURE","MPPROC_FIX.prg","5312","todo","",""
"MPPROC_FIX","","XREM_B","PROCEDURE","MPPROC_FIX.prg","5332","todo","",""
"MPPROC_FIX","","XCNO","PROCEDURE","MPPROC_FIX.prg","5400","todo","",""
"MPPROC_FIX","","XCALCTIME","PROCEDURE","MPPROC_FIX.prg","5434","todo","",""
"MPPROC_FIX","","XCLEANIRREGULAR","PROCEDURE","MPPROC_FIX.prg","5485","todo","",""
"MPPROC_FIX","","XCLEANIRREGULAR_AZ","PROCEDURE","MPPROC_FIX.prg","5520","todo","",""
"MPPROC_FIX","","XCLEANDIGIT","PROCEDURE","MPPROC_FIX.prg","5544","todo","",""
"MPPROC_FIX","","XCLEANEMAIL","PROCEDURE","MPPROC_FIX.prg","5571","todo","",""
"MPPROC_FIX","","XONLYNUMERIC","PROCEDURE","MPPROC_FIX.prg","5607","todo","",""
"MPPROC_FIX","","XFOXERROR","PROCEDURE","MPPROC_FIX.prg","5633","todo","",""
"MPPROC_FIX","","XSQLERROR","PROCEDURE","MPPROC_FIX.prg","5697","todo","",""
"MPPROC_FIX","","XPrivateVariables","PROCEDURE","MPPROC_FIX.prg","5739","todo","",""
"MPPROC_FIX","","REMOVENULL","PROCEDURE","MPPROC_FIX.prg","5767","todo","",""
"MPPROC_FIX","","XLOGBOOKING","PROCEDURE","MPPROC_FIX.prg","5803","todo","",""
"MPPROC_FIX","","XCompileZZList","PROCEDURE","MPPROC_FIX.prg","5883","todo","",""
"MPPROC_FIX","","XCompileTrans","PROCEDURE","MPPROC_FIX.prg","5938","todo","",""
"MPPROC_FIX","","XCompileImages","PROCEDURE","MPPROC_FIX.prg","5998","todo","",""
"MPPROC_FIX","","XLOGADMIN","PROCEDURE","MPPROC_FIX.prg","6052","todo","",""
"MPPROC_FIX","","XPHONE10","PROCEDURE","MPPROC_FIX.prg","6076","todo","",""
"MPPROC_FIX","","XDIALPHONE10","PROCEDURE","MPPROC_FIX.prg","6106","todo","",""
"MPPROC_FIX","","XPAYSUM","PROCEDURE","MPPROC_FIX.prg","6133","todo","",""
"MPPROC_FIX","","CHR2NUM","PROCEDURE","MPPROC_FIX.prg","6160","todo","",""
"MPPROC_FIX","","XQUIT","PROCEDURE","MPPROC_FIX.prg","6178","todo","",""
"MPPROC_FIX","","XFVP","PROCEDURE","MPPROC_FIX.prg","6187","todo","",""
"MPPROC_FIX","","XQA","PROCEDURE","MPPROC_FIX.prg","6234","todo","",""
"MPPROC_FIX","","XINSERTQA","PROCEDURE","MPPROC_FIX.prg","6250","todo","",""
"MPPROC_FIX","","XUPDJOBS","PROCEDURE","MPPROC_FIX.prg","6316","todo","",""
"MPPROC_FIX","","XGOTNEW","PROCEDURE","MPPROC_FIX.prg","6348","todo","",""
"MPPROC_FIX","","XHITS_INSERT","PROCEDURE","MPPROC_FIX.prg","6369","todo","",""
"MPPROC_FIX","","XFUALERT","PROCEDURE","MPPROC_FIX.prg","6387","todo","",""
"MPPROC_FIX","","XCOOKIEMSG","PROCEDURE","MPPROC_FIX.prg","6409","todo","",""
"MPPROC_FIX","","XUPDDATE","PROCEDURE","MPPROC_FIX.prg","6447","todo","",""
"MPPROC_FIX","","XBLKDATES","PROCEDURE","MPPROC_FIX.prg","6475","todo","",""
"MPPROC_FIX","","XBLKDAY","PROCEDURE","MPPROC_FIX.prg","6538","todo","",""
"MPPROC_FIX","","XBLKVISUAL","PROCEDURE","MPPROC_FIX.prg","6571","todo","",""
"MPPROC_FIX","","XBLKVISDATES","PROCEDURE","MPPROC_FIX.prg","6594","todo","",""
"MPPROC_FIX","","XFROMSQL","PROCEDURE","MPPROC_FIX.prg","6634","todo","",""
"MPPROC_FIX","","XKILLAUTOREFRESH","PROCEDURE","MPPROC_FIX.prg","6667","todo","",""
"MPPROC_FIX","","XUPD_CST_JOBS","PROCEDURE","MPPROC_FIX.prg","6698","todo","",""
"MPPROC_FIX","","XPAGINGPROC","PROCEDURE","MPPROC_FIX.prg","6816","todo","",""
"MPPROC_FIX","","XPAGINGPROCSSS","PROCEDURE","MPPROC_FIX.prg","6879","todo","",""
"MPPROC_FIX","","XPAGINGXXX","PROCEDURE","MPPROC_FIX.prg","6961","todo","",""
"MPPROC_FIX","","XBLD_BOL","PROCEDURE","MPPROC_FIX.prg","6988","todo","",""
"MPPROC_FIX","","XVALIDUSER","PROCEDURE","MPPROC_FIX.prg","7069","todo","",""
"MPPROC_FIX","","XFIXSTART","PROCEDURE","MPPROC_FIX.prg","7122","todo","",""
"MPPROC_FIX","","XFIXSTARTA","PROCEDURE","MPPROC_FIX.prg","7158","todo","",""
"MPPROC_FIX","","XEMAILINDOCS_FIX","FUNCTION","MPPROC_FIX.prg","7185","todo","",""
"MPPROC_FIX","","XINSERT_T0_PE_FIX","PROCEDURE","MPPROC_FIX.prg","7478","todo","",""
"MPPROC_FIX","","XBLD_BOL_FIX","PROCEDURE","MPPROC_FIX.prg","7587","todo","",""
"MPPROC_FIX","","XVIEWEMAIL_FIX","PROCEDURE","MPPROC_FIX.prg","7632","todo","",""
"MPSTG","Storage","stgselect","FUNCTION","MPSTG.prg","32","todo","",""
"MPSTG","Storage","stgprocesswc","FUNCTION","MPSTG.prg","90","todo","",""
"MPSTG","Storage","stgprocessret","FUNCTION","MPSTG.prg","129","todo","",""
"MPSTG","Storage","stginfo","FUNCTION","MPSTG.prg","891","todo","",""
"MPSTG","Storage","stgwc","FUNCTION","MPSTG.prg","936","todo","",""
"MPSTG","Storage","stgret","FUNCTION","MPSTG.prg","1254","todo","",""
"MPSTG","Storage","ManualStgCrgWc","FUNCTION","MPSTG.prg","1515","todo","",""
"MPSTG","Storage","ManualStgCrgRet","FUNCTION","MPSTG.prg","1616","todo","",""
"MPSTG","Storage","stginvupdwc","FUNCTION","MPSTG.prg","1719","todo","",""
"MPSTG","Storage","stginvupdret","FUNCTION","MPSTG.prg","1752","todo","",""
"MPSTG","Storage","InOutStg","FUNCTION","MPSTG.prg","1842","todo","",""
"MPSTG","Storage","stgpayprintwc","FUNCTION","MPSTG.prg","1913","todo","",""
"MPSTG","Storage","PrintStgInvWc","FUNCTION","MPSTG.prg","2024","todo","",""
"MPSTG","Storage","vaultwc","FUNCTION","MPSTG.prg","2101","todo","",""
"MPSTG","Storage","vaultret","FUNCTION","MPSTG.prg","2139","todo","",""
"MPSTG","Storage","stgbillret","FUNCTION","MPSTG.prg","2239","todo","",""
"MPSTG","Storage","stginvlistwc","FUNCTION","MPSTG.prg","2389","todo","",""
"MPSTG","Storage","stgemailret","FUNCTION","MPSTG.prg","2452","todo","",""
"MPSTG","Storage","invprocess","FUNCTION","MPSTG.prg","2584","todo","",""
"MPSTG","Storage","storagewc","FUNCTION","MPSTG.prg","2767","todo","",""
"MPSTG","Storage","StorageEditWc","FUNCTION","MPSTG.prg","2815","todo","",""
"MPSTG","Storage","StorageEditRet","FUNCTION","MPSTG.prg","2924","todo","",""
"MPSTG","Storage","DeleteStorage","FUNCTION","MPSTG.prg","3090","todo","",""
"MPSTG","Storage","invoicetextwc","FUNCTION","MPSTG.prg","3157","todo","",""
"MPSTG","Storage","invoicetextret","FUNCTION","MPSTG.prg","3211","todo","",""
"MPUTIL","Utilities / config","zipwc","FUNCTION","MPUTIL.PRG","32","todo","",""
"MPUTIL","Utilities / config","phoneswc","FUNCTION","MPUTIL.PRG","151","todo","",""
"MPUTIL","Utilities / config","phonesret","FUNCTION","MPUTIL.PRG","181","todo","",""
"MPUTIL","Utilities / config","TIMETABLEWC","FUNCTION","MPUTIL.PRG","251","todo","",""
"MPUTIL","Utilities / config","TIMETABLEOPRWC","FUNCTION","MPUTIL.PRG","264","todo","",""
"MPUTIL","Utilities / config","REMOVEEMAIL","FUNCTION","MPUTIL.PRG","280","todo","",""
"MPUTIL","Utilities / config","CANCELREMOVAL","FUNCTION","MPUTIL.PRG","366","todo","",""
"MPUTIL","Utilities / config","mperror","FUNCTION","MPUTIL.PRG","409","todo","",""
"MPUTIL","Utilities / config","COOKIEINFO","FUNCTION","MPUTIL.PRG","420","todo","",""
"MPUTIL","Utilities / config","LAGOONCRM","FUNCTION","MPUTIL.PRG","449","todo","",""
"MPUTIL","Utilities / config","invocain","FUNCTION","MPUTIL.PRG","518","todo","",""
"MPUTIL","Utilities / config","IRELOLEADSXXXXX","FUNCTION","MPUTIL.PRG","568","todo","",""
"MPUTIL","Utilities / config","CONSAFFAIR","FUNCTION","MPUTIL.PRG","634","todo","",""
"MPUTIL","Utilities / config","printlabel","FUNCTION","MPUTIL.PRG","741","todo","",""
"MPUTIL","Utilities / config","TestOutgoingEmail","FUNCTION","MPUTIL.PRG","777","todo","",""
"MPUTIL","Utilities / config","SYSUP","FUNCTION","MPUTIL.PRG","809","todo","",""
"MPUTIL","Utilities / config","updatemiles","FUNCTION","MPUTIL.PRG","865","todo","",""
"MPUTIL","Utilities / config","oprtest","FUNCTION","MPUTIL.PRG","1013","todo","",""
"MPUTIL","Utilities / config","postxmlauto","FUNCTION","MPUTIL.PRG","1055","todo","",""
"MPUTIL","Utilities / config","postxmlauto","FUNCTION","MPUTIL.PRG","1081","todo","",""
"MPUTIL","Utilities / config","test_sqlwc","FUNCTION","MPUTIL.PRG","1110","todo","",""
"MPUTIL","Utilities / config","test_sqlret","FUNCTION","MPUTIL.PRG","1137","todo","",""
"MPUTIL","Utilities / config","CompileMenu","FUNCTION","MPUTIL.PRG","1219","todo","",""
"MPUTIL","Utilities / config","CompileListWc","FUNCTION","MPUTIL.PRG","1233","todo","",""
"MPUTIL","Utilities / config","CompileListRet","FUNCTION","MPUTIL.PRG","1304","todo","",""
"MPUTIL","Utilities / config","CompileWC","FUNCTION","MPUTIL.PRG","1392","todo","",""
"MPUTIL","Utilities / config","CompileWCS","FUNCTION","MPUTIL.PRG","1423","todo","",""
"MPUTIL","Utilities / config","LogEmail_Del","FUNCTION","MPUTIL.PRG","1455","todo","",""
"MPUTIL","Utilities / config","LineHaulAmt","FUNCTION","MPUTIL.PRG","1505","todo","",""
"MPUTIL","Utilities / config","AutoRefresh","FUNCTION","MPUTIL.PRG","1541","todo","",""
"MPUTIL","Utilities / config","AutoRefreshDel","FUNCTION","MPUTIL.PRG","1606","todo","",""
"MPUTIL","Utilities / config","BRSOFTXXXX","FUNCTION","MPUTIL.PRG","1670","todo","",""
"MPUTIL","Utilities / config","test_JOBSXXXX","FUNCTION","MPUTIL.PRG","1719","todo","",""
"MPUTIL","Utilities / config","XLAST_ENTRY_JOB_EST","FUNCTION","MPUTIL.PRG","1809","todo","",""
"MPUTIL","Utilities / config","PagesProc","FUNCTION","MPUTIL.PRG","1847","todo","",""
"MASTG","","HelloWorld","FUNCTION","Mastg.PRG","55","todo","",""
"MASTG","","stgprocesswc","FUNCTION","Mastg.PRG","66","todo","",""
"MAADMIN","","HelloWorld","FUNCTION","maAdmin.prg","55","todo","",""
"MAAUTO","","HelloWorld","FUNCTION","maAuto.prg","55","todo","",""
"MADIR","","HelloWorld","FUNCTION","maDir.prg","55","todo","",""
"MALEADS","","HelloWorld","FUNCTION","maLeads.prg","55","todo","",""
"MAAGENT","","HelloWorld","FUNCTION","maagent.prg","55","todo","",""
"MAAGENT","","agprocesswc","FUNCTION","maagent.prg","67","todo","",""
"MACHARGE","","chargeswc","FUNCTION","macharge.prg","32","todo","",""
"MACHARGE","","chargesret","FUNCTION","macharge.prg","911","todo","",""
"MACHARGE","","crgautowc","FUNCTION","macharge.prg","976","todo","",""
"MACHARGE","","CrgAutoProRet","FUNCTION","macharge.prg","1494","todo","",""
"MACHARGE","","bookingcrg","FUNCTION","macharge.prg","1882","todo","",""
"MACHARGE","","switchcflbs","FUNCTION","macharge.prg","2041","todo","",""
"MACHARGE","","switchtype","FUNCTION","macharge.prg","2156","todo","",""
"MACHARGE","","upduserwc","FUNCTION","macharge.prg","2291","todo","",""
"MACHARGE","","upduserret","FUNCTION","macharge.prg","2406","todo","",""
"MACHARGE","","emailjafwc","FUNCTION","macharge.prg","2479","todo","",""
"MACHARGE","","emailtoagent","FUNCTION","macharge.prg","2515","todo","",""
"MACHARGE","","fustatuswc","FUNCTION","macharge.prg","2563","todo","",""
"MACHARGE","","fustatusret","FUNCTION","macharge.prg","2589","todo","",""
"MACHARGE","","centralauto","FUNCTION","macharge.prg","2626","todo","",""
"MACHARGE","","centralautoemail","FUNCTION","macharge.prg","2843","todo","",""
"MACHARGE","","DRecalculate","FUNCTION","macharge.prg","2907","todo","",""
"MACHARGE","","EstOthersWc","FUNCTION","macharge.prg","2936","todo","",""
"MACHARGE","","EstOthersRet","FUNCTION","macharge.prg","3024","todo","",""
"MACHARGE","","UpdValue","FUNCTION","macharge.prg","3137","todo","",""
"MACHARGE","","EstMemoWc","FUNCTION","macharge.prg","3515","todo","",""
"MACHARGE","","EstMemoRet","FUNCTION","macharge.prg","3556","todo","",""
"MACHARGE","","SelectAutoWc","FUNCTION","macharge.prg","3621","todo","",""
"MACHARGE","","SelectAutoRet","FUNCTION","macharge.prg","3697","todo","",""
"MACHARGE","","DeleteAutoWc","FUNCTION","macharge.prg","3872","todo","",""
"MACHARGE","","CrgRemarksPreview","FUNCTION","macharge.prg","3921","todo","",""
"MACHARGE","","ViewRepNotes","FUNCTION","macharge.prg","4016","todo","",""
"MACHARGE","","MergeRem","FUNCTION","macharge.prg","4071","todo","",""
"MACHARGE","","QA_Save","FUNCTION","macharge.prg","4131","todo","",""
"MACHARGE","","FullValueCrgWc","FUNCTION","macharge.prg","4168","todo","",""
"MACHARGE","","FullValueCrgRet","FUNCTION","macharge.prg","4258","todo","",""
"MACHARGE","","badleadwc","FUNCTION","macharge.prg","4421","todo","",""
"MACHARGE","","badleadret","FUNCTION","macharge.prg","4465","todo","",""
"MACHARGE","","repnoteaddwc","FUNCTION","macharge.prg","4544","todo","",""
"MACHARGE","","repnoteaddret","FUNCTION","macharge.prg","4577","todo","",""
"MACHARGE","","jobtaskwc","FUNCTION","macharge.prg","4627","todo","",""
"MACHARGE","","jobtaskret","FUNCTION","macharge.prg","4689","todo","",""
"MAEST","","HelloWorld","FUNCTION","maest.prg","55","todo","",""
"MAEST","","PrnEstWc","FUNCTION","maest.prg","75","todo","",""
"MAEST","","entrywc","FUNCTION","maest.prg","653","todo","",""
"MALOGIN","","HelloWorld","FUNCTION","malogin.prg","55","todo","",""
"MALOGIN","","Hellonet","FUNCTION","malogin.prg","75","todo","",""
"MALOGIN","","NetLogonWc","FUNCTION","malogin.prg","88","todo","",""
"MALOGIN","","NetLogOnRet","FUNCTION","malogin.prg","260","todo","",""
"MALOGIN","","loginret","FUNCTION","malogin.prg","467","todo","",""
"MALOGIN","","logout","FUNCTION","malogin.prg","724","todo","",""
"MAMAINTEN","","HelloWorld","FUNCTION","mamainten.prg","55","todo","",""
"MAMAINTEN","","maintenwc","FUNCTION","mamainten.prg","73","todo","",""
"MAMAINTEN","","TariffTestRateWc","FUNCTION","mamainten.prg","134","todo","",""
"MAMENU","","HelloWorld","FUNCTION","mamenu.prg","55","todo","",""
"MAMENU","","mainmenuwc","FUNCTION","mamenu.prg","75","todo","",""
"MAMENU","","selectesttype","FUNCTION","mamenu.prg","400","todo","",""
"MAMENU","","selectestret","FUNCTION","mamenu.prg","479","todo","",""
"MAMENU","","estprocesswc","FUNCTION","mamenu.prg","512","todo","",""
"MAMENU","","estprocesswcxxx","FUNCTION","mamenu.prg","668","todo","",""
"MAMENU","","estprocessretxxx","FUNCTION","mamenu.prg","822","todo","",""
"MAMENU","","oprmenuwc","FUNCTION","mamenu.prg","1140","todo","",""
"MAMENU","","oprmenuret","FUNCTION","mamenu.prg","1173","todo","",""
"MAMENU","","oprprocesswc","FUNCTION","mamenu.prg","1214","todo","",""
"MAMENU","","oprprocessretxxxx","FUNCTION","mamenu.prg","1299","todo","",""
"MAMENU","","estprocessret","FUNCTION","mamenu.prg","1849","todo","",""
"MAMENU","","paysalesmanwc","FUNCTION","mamenu.prg","2168","todo","",""
"MAMENU","","payworkerwc","FUNCTION","mamenu.prg","2229","todo","",""
"MAMENU","","searchwc","FUNCTION","mamenu.prg","2299","todo","",""
"MAMENU","","searchret","FUNCTION","mamenu.prg","2331","todo","",""
"MAMENU","","searchdupemail","FUNCTION","mamenu.prg","2979","todo","",""
"MAMENU","","historylist","FUNCTION","mamenu.prg","3043","todo","",""
"MAMENU","","rethistory","FUNCTION","mamenu.prg","3098","todo","",""
"MAMENU","","esignremove","FUNCTION","mamenu.prg","3186","todo","",""
"MAMENU","","gotnewwc","FUNCTION","mamenu.prg","3226","todo","",""
"MAMENU","","AssignNewList","FUNCTION","mamenu.prg","3498","todo","",""
"MAMENU","","AssignNewMenu","FUNCTION","mamenu.prg","3591","todo","",""
"MAMENU","","AssignNewListLD","FUNCTION","mamenu.prg","3614","todo","",""
"MAMENU","","repassign","FUNCTION","mamenu.prg","3908","todo","",""
"MAMENU","","SearchTrip","FUNCTION","mamenu.prg","4084","todo","",""
"MAOPR","","HelloWorld","FUNCTION","maopr.prg","55","todo","",""
"MAOPR","","Dailyopr","FUNCTION","maopr.prg","74","todo","",""
"MAOPR","","CustCald","FUNCTION","maopr.prg","103","todo","",""
"MAOPR","","OperationDay","FUNCTION","maopr.prg","675","todo","",""
"MAOPR","","ClaimsWc","FUNCTION","maopr.prg","995","todo","",""
"MAOPR","","claimsret","FUNCTION","maopr.prg","1114","todo","",""
"MAOPR","","OperationWc","FUNCTION","maopr.prg","1269","todo","",""
"MAOPR","","OperationSave","FUNCTION","maopr.prg","1522","todo","",""
"MAOPR","","OperationSaveNotes","FUNCTION","maopr.prg","1579","todo","",""
"MAOPR","","FUTUREOPRWC","FUNCTION","maopr.prg","1617","todo","",""
"MAOPR","","FUTUREOPRRET","FUNCTION","maopr.prg","1670","todo","",""
"MAOPR","","bldfuturetable","FUNCTION","maopr.prg","1902","todo","",""
"MAPROC","","Z_NEWCOOKIE","PROCEDURE","maproc.prg","2","todo","",""
"MAPROC","","Z_QA","PROCEDURE","maproc.prg","65","todo","",""
"MAPROC","","Z_FUALERT","PROCEDURE","maproc.prg","92","todo","",""
"MAPROC","","Z_BLKVISUAL","PROCEDURE","maproc.prg","120","todo","",""
"MAPROC","","Z_PRNEST","PROCEDURE","maproc.prg","142","todo","",""
"MAPROC","","Z_GOTLEAD","PROCEDURE","maproc.prg","207","todo","",""
"MAPROC","","Z_PAYSUM","PROCEDURE","maproc.prg","260","todo","",""
"MAPROC","","ZZ_CookieValid","PROCEDURE","maproc.prg","289","todo","",""
"MAPROC","","ZZ_COOKIEVARIABLES","PROCEDURE","maproc.prg","382","todo","",""
"MAPROC","","ZZ_COOKIEVALUES","PROCEDURE","maproc.prg","476","todo","",""
"MAPROC","","ZZ_MAIN_CUST","PROCEDURE","maproc.prg","529","todo","",""
"MAPROC","","ZZ_MAIN_VARS","PROCEDURE","maproc.prg","577","todo","",""
"MAPROC","","ZZ_MAIN_VALUE","PROCEDURE","maproc.prg","674","todo","",""
"MAPROC","","ZZ_CRG_VARS","PROCEDURE","maproc.prg","722","todo","",""
"MAPROC","","ZZ_CRG_VALUES","PROCEDURE","maproc.prg","822","todo","",""
"MAPROC","","TTOI","FUNCTION","maproc.prg","878","todo","",""
"MAPROC","","CTTOBIGINT","FUNCTION","maproc.prg","897","todo","",""
"MAPROC","","ZZ_CookieValidTTTTT","PROCEDURE","maproc.prg","919","todo","",""
"MAPROC","","ZZ_COOKIEVARIABLESTTTTT","PROCEDURE","maproc.prg","962","todo","",""
"MAPROC","","ZZ_COOKIEVALUESTTTTT","PROCEDURE","maproc.prg","1054","todo","",""
"MAPROC","","ZZ_JOBVALUE","PROCEDURE","maproc.prg","1101","todo","",""
"MAPROC","","ZZ_JOBVARS","PROCEDURE","maproc.prg","1157","todo","",""
"MAPROC","","ZZ_JOBVARS_VALUE","PROCEDURE","maproc.prg","1247","todo","",""
"MAPROC","","ZZ_ENCRIPTCUST","PROCEDURE","maproc.prg","1294","todo","",""
"MAPROC","","ZZ_UNENCRIPTCUST","PROCEDURE","maproc.prg","1315","todo","",""
"MAPROC","","xxxZZ_GET_COOKIEID","PROCEDURE","maproc.prg","1343","todo","",""
"MAPROC","","ZZ_DETECTBROWSER","PROCEDURE","maproc.prg","1370","todo","",""
"MAPROC","","ZZ_COOKIEFAILURE","PROCEDURE","maproc.prg","1419","todo","",""
"MAPROC","","ZZ_NAVCOUNT","PROCEDURE","maproc.prg","1437","todo","",""
"MAPROC","","ZZ_ESTLOG","PROCEDURE","maproc.prg","1542","todo","",""
"MAPROC","","XXXXZZ_BUILDINV","PROCEDURE","maproc.prg","1565","todo","",""
"MAPROC","","ZZ_BUILDINVB","PROCEDURE","maproc.prg","1636","todo","",""
"MAPROC","","ZZ_BLDMAT","PROCEDURE","maproc.prg","1689","todo","",""
"MAPROC","","ZZ_PRNEST","PROCEDURE","maproc.prg","1718","todo","",""
"MAPROC","","XXXXXXZZ_ADDPHONE","PROCEDURE","maproc.prg","1755","todo","",""
"MAPROC","","ZZ_GOTLEAD","PROCEDURE","maproc.prg","1797","todo","",""
"MAPROC","","ZZ_BUILDINV_UUUU","PROCEDURE","maproc.prg","1820","todo","",""
"MAPROC","","ZZ_ADDRESS","PROCEDURE","maproc.prg","1894","todo","",""
"MAPROC","","ZZ_ADDRESS_OPR","PROCEDURE","maproc.prg","1963","todo","",""
"MAPROC","","ZZ_NAVCOUNT","PROCEDURE","maproc.prg","2033","todo","",""
"MAPROC","","ZZ_BUILDINV","PROCEDURE","maproc.prg","2084","todo","",""
"MAPROC","","ZZ_BLKDAY","PROCEDURE","maproc.prg","2189","todo","",""
"MAPROC","","ZZ_DISTANCE","PROCEDURE","maproc.prg","2221","todo","",""
"MAPROC","","ZZ_CITYSTATE","PROCEDURE","maproc.prg","2296","todo","",""
"MAREP","","printselect","FUNCTION","marep.prg","55","todo","",""
"MAREP","","futureselect","FUNCTION","marep.prg","293","todo","",""
"MAREP","","followupwc","FUNCTION","marep.prg","400","todo","",""
"MAREP","","followupretXXXXX","FUNCTION","marep.prg","450","todo","",""
"MAREP","","FUPaging","FUNCTION","marep.prg","674","todo","",""
"MAREP","","followupret","FUNCTION","marep.prg","830","todo","",""
"MAREP","","UpdFuDate","FUNCTION","marep.prg","1090","todo","",""
"MAREP","","FUPagingMMMM","FUNCTION","marep.prg","1127","todo","",""
"MAREP","","orderpriorwc","FUNCTION","marep.prg","1373","todo","",""
"MAREP","","orderpriorret","FUNCTION","marep.prg","1469","todo","",""
"MAREP","","changepriorwc","FUNCTION","marep.prg","1525","todo","",""
"MAREP","","changepriorret","FUNCTION","marep.prg","1578","todo","",""
"MAREP","","REPMENUWC","FUNCTION","marep.prg","1643","todo","",""
"MAREP","","repmenuret","FUNCTION","marep.prg","1683","todo","",""
"MAREP","","salesmanret","FUNCTION","marep.prg","1794","todo","",""
"MAREP","","reppaylist","FUNCTION","marep.prg","3700","todo","",""
"MAREP","","mpwpaylist","FUNCTION","marep.prg","3755","todo","",""
"MAREP","","payrollret","FUNCTION","marep.prg","3806","todo","",""
"MAREP","","workerslist","FUNCTION","marep.prg","4135","todo","",""
"MAREP","","operationret","FUNCTION","marep.prg","4213","todo","",""
"MAREP","","payret","FUNCTION","marep.prg","4563","todo","",""
"MAREP","","claimsret","FUNCTION","marep.prg","4874","todo","",""
"MAREP","","ClaimsMpw","FUNCTION","marep.prg","5130","todo","",""
"MAREP","","refwc","FUNCTION","marep.prg","5224","todo","",""
"MAREP","","refret","FUNCTION","marep.prg","5285","todo","",""
"MAREP","","statesum","FUNCTION","marep.prg","5880","todo","",""
"MAREP","","adverlistwc","PROCEDURE","marep.prg","5975","todo","",""
"MAREP","","badleadslist","PROCEDURE","marep.prg","6195","todo","",""
"MAREP","","ziplistwc","PROCEDURE","marep.prg","6369","todo","",""
"MAREP","","estimatorret","FUNCTION","marep.prg","6492","todo","",""
"MAREP","","estimatoradvwc","PROCEDURE","marep.prg","7229","todo","",""
"MAREP","","matwc","FUNCTION","marep.prg","7299","todo","",""
"MAREP","","matret","FUNCTION","marep.prg","7350","todo","",""
"MAREP","","salesrepwc","FUNCTION","marep.prg","7485","todo","",""
"MAREP","","salesrepret","FUNCTION","marep.prg","7523","todo","",""
"MAREP","","updpayret","FUNCTION","marep.prg","8583","todo","",""
"MAREP","","autocommret","FUNCTION","marep.prg","8619","todo","",""
"MAREP","","salesprdwc","FUNCTION","marep.prg","8655","todo","",""
"MAREP","","salesprdlist","FUNCTION","marep.prg","9028","todo","",""
"MAREP","","workersdata","FUNCTION","marep.prg","9295","todo","",""
"MAREP","","userslist","FUNCTION","marep.prg","9365","todo","",""
"MAREP","","sentemails","FUNCTION","marep.prg","9420","todo","",""
"MAREP","","RecentAccess","FUNCTION","marep.prg","9490","todo","",""
"MAREP","","ipactivity","FUNCTION","marep.prg","9595","todo","",""
"MAREP","","PastFollowup","FUNCTION","marep.prg","9714","todo","",""
"MAREP","","booksummary","FUNCTION","marep.prg","9789","todo","",""
"MAREP","","reptaskswc","FUNCTION","marep.prg","9848","todo","",""
"MAUTIL","","HelloWorld","FUNCTION","mautil.prg","55","todo","",""
"MAUTIL","","zipwc","FUNCTION","mautil.prg","74","todo","",""
"MAUTIL","","zipwcxxxxxx","FUNCTION","mautil.prg","169","todo","",""
"MAUTIL","","REMOVEEMAIL","FUNCTION","mautil.prg","257","todo","",""
"MAUTIL","","CANCELREMOVAL","FUNCTION","mautil.prg","314","todo","",""
"MAUTIL","","mperror","FUNCTION","mautil.prg","357","todo","",""
"MAUTIL","","TIMETABLEWC","FUNCTION","mautil.prg","368","todo","",""
"MAUTIL","","TIMETABLEOPRWC","FUNCTION","mautil.prg","381","todo","",""
"MAUTIL","","COOKIEINFO","FUNCTION","mautil.prg","398","todo","",""
"MAUTIL","","personalwc","FUNCTION","mautil.prg","444","todo","",""
"MAUTIL","","personalwcxxxxxxx","FUNCTION","mautil.prg","737","todo","",""
"MAUTIL","","personalday","FUNCTION","mautil.prg","1076","todo","",""
"MAUTIL","","personaltaskwc","FUNCTION","mautil.prg","1194","todo","",""
"MAUTIL","","personaltaskRet","FUNCTION","mautil.prg","1241","todo","",""
"MAUTIL","","PersonalDayDel","FUNCTION","mautil.prg","1373","todo","",""
"MAUTIL","","LAGOONCRM","FUNCTION","mautil.prg","1436","todo","",""
"MAUTIL","","invocain","FUNCTION","mautil.prg","1502","todo","",""
"MAUTIL","","GMLEADS","FUNCTION","mautil.prg","1551","todo","",""
"MAUTIL","","IRELOLEADS","FUNCTION","mautil.prg","1616","todo","",""
"MAUTIL","","CONSAFFAIR","FUNCTION","mautil.prg","1682","todo","",""
"MAUTIL","","printlabel","FUNCTION","mautil.prg","1773","todo","",""
"MAUTIL","","TestOutgoingEmail","FUNCTION","mautil.prg","1810","todo","",""
"MAUTIL","","SYSUP","FUNCTION","mautil.prg","1842","todo","",""
"MAUTIL","","updatemiles","FUNCTION","mautil.prg","1898","todo","",""
"MAUTIL","","UpdateDistance","FUNCTION","mautil.prg","2004","todo","",""
"MAUTIL","","oprtest","FUNCTION","mautil.prg","2065","todo","",""
"MAUTIL","","postxmlauto","FUNCTION","mautil.prg","2108","todo","",""
"MAUTIL","","postxmlauto","FUNCTION","mautil.prg","2134","todo","",""
"MAUTIL","","test_sqlwc","FUNCTION","mautil.prg","2163","todo","",""
"MAUTIL","","test_sqlret","FUNCTION","mautil.prg","2190","todo","",""
"MAUTIL","","CompileMenu","FUNCTION","mautil.prg","2272","todo","",""
"MAUTIL","","CompileListWc","FUNCTION","mautil.prg","2286","todo","",""
"MAUTIL","","CompileListRet","FUNCTION","mautil.prg","2357","todo","",""
"MAUTIL","","CompileWC","FUNCTION","mautil.prg","2445","todo","",""
"MAUTIL","","CompileWCS","FUNCTION","mautil.prg","2476","todo","",""
"MAUTIL","","LogEmail_Del","FUNCTION","mautil.prg","2508","todo","",""
"MAUTIL","","LineHaulAmt","FUNCTION","mautil.prg","2559","todo","",""
"MAUTIL","","UPLOADDOCWC","FUNCTION","mautil.prg","2595","todo","",""
"MAUTIL","","UPLOADDOCRET","FUNCTION","mautil.prg","2634","todo","",""
"MAUTIL","","AutoRefresh","FUNCTION","mautil.prg","2691","todo","",""
"MAUTIL","","AutoRefreshDel","FUNCTION","mautil.prg","2777","todo","",""
"MAUTIL","","BRSOFT","FUNCTION","mautil.prg","2842","todo","",""
"MAUTIL","","test_NETWORK","FUNCTION","mautil.prg","2890","todo","",""
"MP","","Hellonet","FUNCTION","mp.prg","32","todo","",""
"MP","","NetLogonWc","FUNCTION","mp.prg","45","todo","",""
"MP","","NetLogOnRet","FUNCTION","mp.prg","210","todo","",""
"MP","","loginret","FUNCTION","mp.prg","440","todo","",""
"MP","","logout","FUNCTION","mp.prg","659","todo","",""
"MPADMIN","Admin","companyeditwc","FUNCTION","mpadmin.prg","33","todo","",""
"MPADMIN","Admin","InfoCompanyProc","FUNCTION","mpadmin.prg","131","todo","",""
"MPADMIN","Admin","companyeditret","FUNCTION","mpadmin.prg","248","todo","",""
"MPADMIN","Admin","initialopr","FUNCTION","mpadmin.prg","418","todo","",""
"MPADMIN","Admin","viewtrx","FUNCTION","mpadmin.prg","514","todo","",""
"MPADMIN","Admin","viewcotrnx","FUNCTION","mpadmin.prg","568","todo","",""
"MPADMIN","Admin","delordno","FUNCTION","mpadmin.prg","640","todo","",""
"MPADMIN","Admin","SQLerrLog","FUNCTION","mpadmin.prg","667","todo","",""
"MPADMIN","Admin","SQLerrLogRet","FUNCTION","mpadmin.prg","747","todo","",""
"MPADMIN","Admin","viewcookie","FUNCTION","mpadmin.prg","817","todo","",""
"MPADMIN","Admin","NetLogOnLog","FUNCTION","mpadmin.prg","908","todo","",""
"MPADMIN","Admin","quitmain","FUNCTION","mpadmin.prg","957","todo","",""
"MPAUTO","Auto transport","HelloWorld","FUNCTION","mpauto.prg","55","todo","",""
"MPAUTO","Auto transport","AutoZoneWc","FUNCTION","mpauto.prg","74","todo","",""
"MPAUTO","Auto transport","AutoZoneMenuWc","FUNCTION","mpauto.prg","110","todo","",""
"MPAUTO","Auto transport","AutoZonePrcEditWc","FUNCTION","mpauto.prg","142","todo","",""
"MPAUTO","Auto transport","AutoZonePrcEditret","FUNCTION","mpauto.prg","200","todo","",""
"MPAUTO","Auto transport","AutoZoneEditWc","FUNCTION","mpauto.prg","261","todo","",""
"MPAUTO","Auto transport","AutoZoneEditRet","FUNCTION","mpauto.prg","354","todo","",""
"MPAUTO","Auto transport","DeleteAutoZone","FUNCTION","mpauto.prg","459","todo","",""
"MPAUTO","Auto transport","AUTOMODELXML","FUNCTION","mpauto.prg","504","todo","",""
"MPAUTO","Auto transport","UpdTariff","FUNCTION","mpauto.prg","534","todo","",""
"MPAUTO","Auto transport","AutoZoneRate","FUNCTION","mpauto.prg","595","todo","",""
"MPAUTO","Auto transport","AutoLeadsPrcWc","FUNCTION","mpauto.prg","638","todo","",""
"MPAUTO","Auto transport","AutoLeadsPrcRet","FUNCTION","mpauto.prg","687","todo","",""
"MPAUTO","Auto transport","pricesuggest","FUNCTION","mpauto.prg","754","todo","",""
"MPINV","Inventory","invautowc","FUNCTION","mpinv.prg","55","todo","",""
"MPINV","Inventory","invautoret","FUNCTION","mpinv.prg","138","todo","",""
"MPINV","Inventory","invwc","FUNCTION","mpinv.prg","263","todo","",""
"MPINV","Inventory","investret","FUNCTION","mpinv.prg","432","todo","",""
"MPINV","Inventory","clearall","FUNCTION","mpinv.prg","759","todo","",""
"MPINV","Inventory","invxmlwc","FUNCTION","mpinv.prg","791","todo","",""
"MPINV","Inventory","INVXML","FUNCTION","mpinv.prg","927","todo","",""
"MPINV","Inventory","INVXMLRET","FUNCTION","mpinv.prg","1040","todo","",""
"MPINV","Inventory","INVXMLROOMSRET","FUNCTION","mpinv.prg","1244","todo","",""
"MPINV","Inventory","INVROOMSWC","FUNCTION","mpinv.prg","1463","todo","",""
"MPINV","Inventory","INVROOMSRET","FUNCTION","mpinv.prg","1512","todo","",""
"MPINV","Inventory","matwc","FUNCTION","mpinv.prg","1596","todo","",""
"MPINV","Inventory","matret","FUNCTION","mpinv.prg","1640","todo","",""
"MPINV","Inventory","matret_WG","FUNCTION","mpinv.prg","1827","todo","",""
"MPLEADS","Leads","LeadsDistIn","FUNCTION","mpleads.prg","33","todo","",""
"MPLEADS","Leads","ExportLeaddist","FUNCTION","mpleads.prg","61","todo","",""
"MPLEADS","Leads","ExportLeaddistRet","FUNCTION","mpleads.prg","423","todo","",""
"MPLEADS","Leads","ExportLeaddistInv","FUNCTION","mpleads.prg","683","todo","",""
"MPLEADS","Leads","AGILITYOUT","FUNCTION","mpleads.prg","826","todo","",""
"MPLEADS","Leads","LOGISTICOUT","FUNCTION","mpleads.prg","854","todo","",""
"MPLEADS","Leads","BRIGHTSIDEOUT","FUNCTION","mpleads.prg","880","todo","",""
"MPLEADS","Leads","DCZLOGISTOUT","FUNCTION","mpleads.prg","906","todo","",""
"MPLEADS","Leads","VANGUAMOSOUT","FUNCTION","mpleads.prg","931","todo","",""
"MPLEADS","Leads","PARAMOUNTOUT","FUNCTION","mpleads.prg","967","todo","",""
"MPLEADS","Leads","ESHIPAUTOOUT","FUNCTION","mpleads.prg","996","todo","",""
"MPLEADS","Leads","BRONZESTROUT","FUNCTION","mpleads.prg","1045","todo","",""
"MPLEADS","Leads","EAGLEMOGOUT","FUNCTION","mpleads.prg","1074","todo","",""
"MPLEADS","Leads","IDEALMOVOUT","FUNCTION","mpleads.prg","1125","todo","",""
"MPLEADS","Leads","SMUVAIOUT","FUNCTION","mpleads.prg","1171","todo","",""
"MPREP","Reports","printselect","FUNCTION","mprep.prg","32","todo","",""
"MPREP","Reports","futureselect","FUNCTION","mprep.prg","253","todo","",""
"MPREP","Reports","followupwc","FUNCTION","mprep.prg","339","todo","",""
"MPREP","Reports","followupret","FUNCTION","mprep.prg","391","todo","",""
"MPREP","Reports","UpdFuDate","FUNCTION","mprep.prg","655","todo","",""
"MPREP","Reports","orderpriorwc","FUNCTION","mprep.prg","692","todo","",""
"MPREP","Reports","orderpriorret","FUNCTION","mprep.prg","789","todo","",""
"MPREP","Reports","changepriorwc","FUNCTION","mprep.prg","845","todo","",""
"MPREP","Reports","changepriorret","FUNCTION","mprep.prg","898","todo","",""
"MPREP","Reports","priorpool","FUNCTION","mprep.prg","960","todo","",""
"MPREP","Reports","REPMENUWC","FUNCTION","mprep.prg","1033","todo","",""
"MPREP","Reports","repmenuret","FUNCTION","mprep.prg","1069","todo","",""
"MPREP","Reports","salesmanret","FUNCTION","mprep.prg","1169","todo","",""
"MPREP","Reports","reppaylist","FUNCTION","mprep.prg","2913","todo","",""
"MPREP","Reports","mpwpaylist","FUNCTION","mprep.prg","2968","todo","",""
"MPREP","Reports","payrollret","FUNCTION","mprep.prg","3019","todo","",""
"MPREP","Reports","workerslist","FUNCTION","mprep.prg","3365","todo","",""
"MPREP","Reports","operationret","FUNCTION","mprep.prg","3441","todo","",""
"MPREP","Reports","payret","FUNCTION","mprep.prg","3804","todo","",""
"MPREP","Reports","claimsret","FUNCTION","mprep.prg","4101","todo","",""
"MPREP","Reports","ClaimsMpw","FUNCTION","mprep.prg","4357","todo","",""
"MPREP","Reports","refwc","FUNCTION","mprep.prg","4445","todo","",""
"MPREP","Reports","refret","FUNCTION","mprep.prg","4506","todo","",""
"MPREP","Reports","statesum","FUNCTION","mprep.prg","5353","todo","",""
"MPREP","Reports","adverlistwc","PROCEDURE","mprep.prg","5445","todo","",""
"MPREP","Reports","badleadslist","PROCEDURE","mprep.prg","5706","todo","",""
"MPREP","Reports","ziplistwc","PROCEDURE","mprep.prg","5882","todo","",""
"MPREP","Reports","estimatorret","FUNCTION","mprep.prg","5991","todo","",""
"MPREP","Reports","estimatoradv","PROCEDURE","mprep.prg","6762","todo","",""
"MPREP","Reports","matwc","FUNCTION","mprep.prg","6870","todo","",""
"MPREP","Reports","matret","FUNCTION","mprep.prg","6921","todo","",""
"MPREP","Reports","salesrepwc","FUNCTION","mprep.prg","7081","todo","",""
"MPREP","Reports","salesrepret","FUNCTION","mprep.prg","7119","todo","",""
"MPREP","Reports","updpayret","FUNCTION","mprep.prg","8186","todo","",""
"MPREP","Reports","autocommret","FUNCTION","mprep.prg","8222","todo","",""
"MPREP","Reports","salesprdwc","FUNCTION","mprep.prg","8258","todo","",""
"MPREP","Reports","salesprdlist","FUNCTION","mprep.prg","8629","todo","",""
"MPREP","Reports","workersdata","FUNCTION","mprep.prg","8786","todo","",""
"MPREP","Reports","sentemails","FUNCTION","mprep.prg","8856","todo","",""
"MPREP","Reports","RecentAccess","FUNCTION","mprep.prg","8927","todo","",""
"MPREP","Reports","ipactivity","FUNCTION","mprep.prg","9031","todo","",""
"MPREP","Reports","booksummary","FUNCTION","mprep.prg","9115","todo","",""
"MPREP","Reports","reptaskswc","FUNCTION","mprep.prg","9174","todo","",""
"MPSCRIPTS","","invsumret","FUNCTION","mpscripts.prg","31","todo","",""
"MPSCRIPTS","","AssignNewWc","FUNCTION","mpscripts.prg","79","todo","",""
"MPSCRIPTS","","trdistret","FUNCTION","mpscripts.prg","236","todo","",""
"MPSCRIPTS","","AssignNewListRet","FUNCTION","mpscripts.prg","353","todo","",""
"MPSCRIPTS","","deleteret","FUNCTION","mpscripts.prg","472","todo","",""
"MPSYS","","SMTPTESTWC","FUNCTION","mpsys.prg","32","todo","",""
"MPSYS","","SMTPTESTRET","FUNCTION","mpsys.prg","52","todo","",""
"MPSYS","","CHECKCOOKIE","FUNCTION","mpsys.prg","221","todo","",""
"MPSYS","","removetariff","FUNCTION","mpsys.prg","235","todo","",""
"MPSYS","","DeleteRemid","FUNCTION","mpsys.prg","272","todo","",""
"MPSYS","","updemaildoc","FUNCTION","mpsys.prg","301","todo","",""
"MPSYS","","addloadboard","FUNCTION","mpsys.prg","354","todo","",""
"MPXML","XML / API","HelloWorld","FUNCTION","mpxml.prg","33","todo","",""